{
	"credit": "Made with Blockbench",
	"parent": "item/generated",
	"textures": {
		"layer0": "fallout:item/electrum_halberd"
	},
	"display": {
		"thirdperson_righthand": {
			"rotation": [0, -90, 55],
			"translation": [0, 7, 0],
			"scale": [2.7, 2.7, 0.85]
		},
		"thirdperson_lefthand": {
			"rotation": [0, 90, -55],
			"translation": [0, 7, 0],
			"scale": [2.7, 2.7, 0.85]
		},
		"firstperson_righthand": {
			"rotation": [-20, -90, 10],
			"translation": [1.13, 5.2, -0.26],
			"scale": [1.36, 1.36, 0.68]
		},
		"firstperson_lefthand": {
			"rotation": [-20, -90, -80],
			"translation": [1.13, 5.2, -0.26],
			"scale": [1.36, 1.36, 0.68]
		},
		"gui": {
			"scale": [1.1, 1.1, 1.1]
		}
	}
}