{
	"credit": "Made with Blockbench",
	"texture_size": [64, 64],
	"textures": {
		"3": "fallout:item/hemospast"
	},
	"elements": [
		{
			"from": [7.50859, 11.45, -15.29687],
			"to": [8.10859, 12.05, -11.29687],
			"rotation": {"angle": 0, "axis": "y", "origin": [7.80859, 11.75, -0.04687]},
			"faces": {
				"north": {"uv": [7, 7, 7.25, 7.25], "texture": "#3"},
				"east": {"uv": [5.75, 1, 6.75, 1.25], "texture": "#3"},
				"south": {"uv": [7.25, 0, 7.5, 0.25], "texture": "#3"},
				"west": {"uv": [5.75, 1.25, 6.75, 1.5], "texture": "#3"},
				"up": {"uv": [6, 2.5, 5.75, 1.5], "texture": "#3"},
				"down": {"uv": [3.75, 5.75, 3.5, 6.75], "texture": "#3"}
			}
		},
		{
			"from": [7.33203, 11.27344, -12.29687],
			"to": [8.28516, 12.22656, -10.29687],
			"rotation": {"angle": 0, "axis": "y", "origin": [7.80859, 11.75, -0.04687]},
			"faces": {
				"north": {"uv": [4.75, 5.75, 5, 6], "texture": "#3"},
				"east": {"uv": [6.75, 2.5, 7.25, 2.75], "texture": "#3"},
				"south": {"uv": [6.5, 7, 6.75, 7.25], "texture": "#3"},
				"west": {"uv": [6.75, 2.75, 7.25, 3], "texture": "#3"},
				"up": {"uv": [5.75, 7, 5.5, 6.5], "texture": "#3"},
				"down": {"uv": [3.75, 6.75, 3.5, 7.25], "texture": "#3"}
			}
		},
		{
			"from": [7.14063, 11.08203, 6.70313],
			"to": [8.47656, 12.41797, 10.70313],
			"rotation": {"angle": 0, "axis": "y", "origin": [7.80859, 11.75, -0.04687]},
			"faces": {
				"north": {"uv": [7.25, 0.25, 7.5, 0.5], "texture": "#3"},
				"east": {"uv": [5.75, 2.5, 6.75, 2.75], "texture": "#3"},
				"south": {"uv": [7.25, 0.5, 7.5, 0.75], "texture": "#3"},
				"west": {"uv": [5.75, 2.75, 6.75, 3], "texture": "#3"},
				"up": {"uv": [4, 6.75, 3.75, 5.75], "texture": "#3"},
				"down": {"uv": [4.25, 5.75, 4, 6.75], "texture": "#3"}
			}
		},
		{
			"from": [6.65234, 10.59375, 10.70313],
			"to": [8.96484, 12.90625, 11.70313],
			"rotation": {"angle": 0, "axis": "y", "origin": [7.80859, 11.75, -2.04687]},
			"faces": {
				"north": {"uv": [4.25, 5.75, 4.75, 6.25], "texture": "#3"},
				"east": {"uv": [3.75, 6.75, 4, 7.25], "texture": "#3"},
				"south": {"uv": [5.75, 5, 6.25, 5.5], "texture": "#3"},
				"west": {"uv": [4, 6.75, 4.25, 7.25], "texture": "#3"},
				"up": {"uv": [5.25, 7, 4.75, 6.75], "texture": "#3"},
				"down": {"uv": [6.75, 6.75, 6.25, 7], "texture": "#3"}
			}
		},
		{
			"from": [6.65234, 10.59375, -10.29687],
			"to": [8.96484, 12.90625, 5.70313],
			"rotation": {"angle": 0, "axis": "y", "origin": [7.80859, 11.75, -0.04687]},
			"faces": {
				"north": {"uv": [5, 5.5, 5.5, 6], "texture": "#3"},
				"east": {"uv": [1.5, 3, 5.5, 3.5], "texture": "#3"},
				"south": {"uv": [5.5, 5.5, 6, 6], "texture": "#3"},
				"west": {"uv": [1.5, 3.5, 5.5, 4], "texture": "#3"},
				"up": {"uv": [2, 8, 1.5, 4], "texture": "#3"},
				"down": {"uv": [2.5, 4, 2, 8], "texture": "#3"}
			}
		},
		{
			"from": [6.51953, 10.46094, 5.70313],
			"to": [9.09766, 13.03906, 6.70313],
			"rotation": {"angle": 0, "axis": "y", "origin": [7.80859, 11.75, -0.04687]},
			"faces": {
				"north": {"uv": [3.5, 5, 4.25, 5.75], "texture": "#3"},
				"east": {"uv": [6, 5.5, 6.25, 6.25], "texture": "#3"},
				"south": {"uv": [4.25, 5, 5, 5.75], "texture": "#3"},
				"west": {"uv": [5.75, 6, 6, 6.75], "texture": "#3"},
				"up": {"uv": [7, 3.25, 6.25, 3], "texture": "#3"},
				"down": {"uv": [7, 3.25, 6.25, 3.5], "texture": "#3"}
			}
		},
		{
			"from": [6.49563, 9.91581, -9.63701],
			"to": [9.17048, 11.9373, 8.35049],
			"rotation": {"angle": 0, "axis": "y", "origin": [8.0097, 8.57265, 1.38584]},
			"faces": {
				"north": {"uv": [5, 5, 5.75, 5.5], "texture": "#3"},
				"east": {"uv": [1.5, 0, 6, 0.5], "texture": "#3"},
				"south": {"uv": [5.5, 3, 6.25, 3.5], "texture": "#3"},
				"west": {"uv": [1.5, 0.5, 6, 1], "texture": "#3"},
				"up": {"uv": [0.75, 4.5, 0, 0], "texture": "#3"},
				"down": {"uv": [1.5, 0, 0.75, 4.5], "texture": "#3"}
			}
		},
		{
			"from": [6.33548, 9.96269, -8.71514],
			"to": [9.33063, 11.3162, -8.16904],
			"rotation": {"angle": 0, "axis": "y", "origin": [8.0097, 8.57265, 1.38584]},
			"faces": {
				"north": {"uv": [0, 6.5, 0.75, 6.75], "texture": "#3"},
				"east": {"uv": [7.25, 3.75, 7.5, 4], "texture": "#3"},
				"south": {"uv": [6.5, 0, 7.25, 0.25], "texture": "#3"},
				"west": {"uv": [4, 7.25, 4.25, 7.5], "texture": "#3"},
				"up": {"uv": [7.25, 0.5, 6.5, 0.25], "texture": "#3"},
				"down": {"uv": [7.25, 0.5, 6.5, 0.75], "texture": "#3"}
			}
		},
		{
			"from": [6.33548, 9.96269, -6.88311],
			"to": [9.33063, 11.3162, -6.33701],
			"rotation": {"angle": 0, "axis": "y", "origin": [8.0097, 8.57265, 3.21787]},
			"faces": {
				"north": {"uv": [0.75, 6.5, 1.5, 6.75], "texture": "#3"},
				"east": {"uv": [7.25, 4, 7.5, 4.25], "texture": "#3"},
				"south": {"uv": [6.5, 0.75, 7.25, 1], "texture": "#3"},
				"west": {"uv": [7.25, 4.25, 7.5, 4.5], "texture": "#3"},
				"up": {"uv": [7.25, 1.75, 6.5, 1.5], "texture": "#3"},
				"down": {"uv": [7.25, 1.75, 6.5, 2], "texture": "#3"}
			}
		},
		{
			"from": [6.33548, 9.96269, -4.85186],
			"to": [9.33063, 11.3162, -4.30576],
			"rotation": {"angle": 0, "axis": "y", "origin": [8.0097, 8.57265, 5.24912]},
			"faces": {
				"north": {"uv": [6.5, 4, 7.25, 4.25], "texture": "#3"},
				"east": {"uv": [7.25, 5, 7.5, 5.25], "texture": "#3"},
				"south": {"uv": [6.5, 4.25, 7.25, 4.5], "texture": "#3"},
				"west": {"uv": [5.25, 7.25, 5.5, 7.5], "texture": "#3"},
				"up": {"uv": [7.25, 4.75, 6.5, 4.5], "texture": "#3"},
				"down": {"uv": [5.5, 6.5, 4.75, 6.75], "texture": "#3"}
			}
		},
		{
			"from": [6.33548, 9.96269, -3.01982],
			"to": [9.33063, 11.3162, -2.47373],
			"rotation": {"angle": 0, "axis": "y", "origin": [8.0097, 8.57265, 7.08115]},
			"faces": {
				"north": {"uv": [6.5, 2, 7.25, 2.25], "texture": "#3"},
				"east": {"uv": [7.25, 4.5, 7.5, 4.75], "texture": "#3"},
				"south": {"uv": [6.5, 2.25, 7.25, 2.5], "texture": "#3"},
				"west": {"uv": [7.25, 4.75, 7.5, 5], "texture": "#3"},
				"up": {"uv": [7.25, 3.75, 6.5, 3.5], "texture": "#3"},
				"down": {"uv": [7.25, 3.75, 6.5, 4], "texture": "#3"}
			}
		},
		{
			"from": [6.33548, 9.96269, -1.14092],
			"to": [9.33063, 11.3162, -0.59482],
			"rotation": {"angle": 0, "axis": "y", "origin": [8.0097, 8.57265, 8.96006]},
			"faces": {
				"north": {"uv": [0, 6.75, 0.75, 7], "texture": "#3"},
				"east": {"uv": [6, 7.25, 6.25, 7.5], "texture": "#3"},
				"south": {"uv": [0.75, 6.75, 1.5, 7], "texture": "#3"},
				"west": {"uv": [7.25, 6, 7.5, 6.25], "texture": "#3"},
				"up": {"uv": [7.5, 1.25, 6.75, 1], "texture": "#3"},
				"down": {"uv": [7.5, 1.25, 6.75, 1.5], "texture": "#3"}
			}
		},
		{
			"from": [6.33548, 9.96269, 0.69111],
			"to": [9.33063, 11.3162, 1.23721],
			"rotation": {"angle": 0, "axis": "y", "origin": [8.0097, 8.57265, 10.79209]},
			"faces": {
				"north": {"uv": [6.5, 4.75, 7.25, 5], "texture": "#3"},
				"east": {"uv": [7.25, 5.25, 7.5, 5.5], "texture": "#3"},
				"south": {"uv": [6.5, 6, 7.25, 6.25], "texture": "#3"},
				"west": {"uv": [5.75, 7.25, 6, 7.5], "texture": "#3"},
				"up": {"uv": [7.25, 6.5, 6.5, 6.25], "texture": "#3"},
				"down": {"uv": [7.25, 6.5, 6.5, 6.75], "texture": "#3"}
			}
		},
		{
			"from": [7.49563, 8.91581, 1.36299],
			"to": [8.17048, 9.9373, 2.35049],
			"rotation": {"angle": 0, "axis": "y", "origin": [8.0097, 5.57265, 1.38584]},
			"faces": {
				"north": {"uv": [7.25, 0.75, 7.5, 1], "texture": "#3"},
				"east": {"uv": [7.25, 1.5, 7.5, 1.75], "texture": "#3"},
				"south": {"uv": [7.25, 1.75, 7.5, 2], "texture": "#3"},
				"west": {"uv": [7.25, 2, 7.5, 2.25], "texture": "#3"},
				"up": {"uv": [7.5, 2.5, 7.25, 2.25], "texture": "#3"},
				"down": {"uv": [7.5, 2.5, 7.25, 2.75], "texture": "#3"}
			}
		},
		{
			"from": [7.49563, 8.18886, 4.44257],
			"to": [8.17048, 10.21035, 5.43007],
			"rotation": {"angle": -45, "axis": "x", "origin": [8.0097, 5.8457, 4.46542]},
			"faces": {
				"north": {"uv": [4.75, 7, 5, 7.5], "texture": "#3"},
				"east": {"uv": [5, 7, 5.25, 7.5], "texture": "#3"},
				"south": {"uv": [7, 5, 7.25, 5.5], "texture": "#3"},
				"west": {"uv": [5.5, 7, 5.75, 7.5], "texture": "#3"},
				"up": {"uv": [7.5, 3, 7.25, 2.75], "texture": "#3"},
				"down": {"uv": [7.5, 3, 7.25, 3.25], "texture": "#3"}
			}
		},
		{
			"from": [7.49563, 7.48641, 2.79239],
			"to": [8.17048, 8.47391, 5.81388],
			"rotation": {"angle": 0, "axis": "y", "origin": [8.0097, 7.50926, 7.15704]},
			"faces": {
				"north": {"uv": [7.25, 3.25, 7.5, 3.5], "texture": "#3"},
				"east": {"uv": [6.25, 5, 7, 5.25], "texture": "#3"},
				"south": {"uv": [3.5, 7.25, 3.75, 7.5], "texture": "#3"},
				"west": {"uv": [6.25, 5.25, 7, 5.5], "texture": "#3"},
				"up": {"uv": [4.5, 7, 4.25, 6.25], "texture": "#3"},
				"down": {"uv": [4.75, 6.25, 4.5, 7], "texture": "#3"}
			}
		},
		{
			"from": [7.49563, 10.56599, 4.51934],
			"to": [8.17048, 11.55349, 7.54083],
			"rotation": {"angle": -45, "axis": "x", "origin": [8.0097, 10.58884, 8.88399]},
			"faces": {
				"north": {"uv": [7.25, 3.5, 7.5, 3.75], "texture": "#3"},
				"east": {"uv": [6.25, 5.5, 7, 5.75], "texture": "#3"},
				"south": {"uv": [3.75, 7.25, 4, 7.5], "texture": "#3"},
				"west": {"uv": [6.25, 5.75, 7, 6], "texture": "#3"},
				"up": {"uv": [6.25, 7, 6, 6.25], "texture": "#3"},
				"down": {"uv": [6.5, 6, 6.25, 6.75], "texture": "#3"}
			}
		},
		{
			"from": [8.55013, 6.76081, -11.32217],
			"to": [9.10681, 9.20495, -9.23279],
			"rotation": {"angle": 22.5, "axis": "x", "origin": [7.9522, 8.97155, -1.55654]},
			"faces": {
				"north": {"uv": [6.75, 6.75, 7, 7.25], "texture": "#3"},
				"east": {"uv": [1, 6, 1.5, 6.5], "texture": "#3"},
				"south": {"uv": [0, 7, 0.25, 7.5], "texture": "#3"},
				"west": {"uv": [6, 1.5, 6.5, 2], "texture": "#3"},
				"up": {"uv": [0.5, 7.5, 0.25, 7], "texture": "#3"},
				"down": {"uv": [0.75, 7, 0.5, 7.5], "texture": "#3"}
			}
		},
		{
			"from": [8.61185, 11.50155, -10.4915],
			"to": [9.0861, 13.01601, 6.12178],
			"rotation": {"angle": 0, "axis": "y", "origin": [8.0097, 10.15839, 1.38584]},
			"faces": {
				"north": {"uv": [5.25, 6.75, 5.5, 7.25], "texture": "#3"},
				"east": {"uv": [1.5, 1, 5.75, 1.5], "texture": "#3"},
				"south": {"uv": [5.75, 6.75, 6, 7.25], "texture": "#3"},
				"west": {"uv": [1.5, 1.5, 5.75, 2], "texture": "#3"},
				"up": {"uv": [2.75, 8.25, 2.5, 4], "texture": "#3"},
				"down": {"uv": [3, 4, 2.75, 8.25], "texture": "#3"}
			}
		},
		{
			"from": [6.55638, 11.50155, -10.4915],
			"to": [7.08142, 13.01601, 6.12178],
			"rotation": {"angle": 0, "axis": "y", "origin": [5.8097, 10.15839, 1.38584]},
			"faces": {
				"north": {"uv": [4.25, 7, 4.5, 7.5], "texture": "#3"},
				"east": {"uv": [1.5, 2, 5.75, 2.5], "texture": "#3"},
				"south": {"uv": [4.5, 7, 4.75, 7.5], "texture": "#3"},
				"west": {"uv": [1.5, 2.5, 5.75, 3], "texture": "#3"},
				"up": {"uv": [3.25, 8.25, 3, 4], "texture": "#3"},
				"down": {"uv": [3.5, 4, 3.25, 8.25], "texture": "#3"}
			}
		},
		{
			"from": [6.54935, 6.86081, -11.32217],
			"to": [7.01618, 9.20495, -9.23279],
			"rotation": {"angle": 22.5, "axis": "x", "origin": [5.7522, 8.97155, -1.55654]},
			"faces": {
				"north": {"uv": [0.75, 7, 1, 7.5], "texture": "#3"},
				"east": {"uv": [6, 4, 6.5, 4.5], "texture": "#3"},
				"south": {"uv": [1, 7, 1.25, 7.5], "texture": "#3"},
				"west": {"uv": [6, 4.5, 6.5, 5], "texture": "#3"},
				"up": {"uv": [1.5, 7.5, 1.25, 7], "texture": "#3"},
				"down": {"uv": [7.25, 3, 7, 3.5], "texture": "#3"}
			}
		},
		{
			"from": [6.90755, 7.96081, 5.84658],
			"to": [8.84099, 9.9823, 13.97834],
			"rotation": {"angle": 22.5, "axis": "x", "origin": [7.84282, 8.97155, 11.09346]},
			"faces": {
				"north": {"uv": [6, 0, 6.5, 0.5], "texture": "#3"},
				"east": {"uv": [3.5, 4, 5.5, 4.5], "texture": "#3"},
				"south": {"uv": [6, 0.5, 6.5, 1], "texture": "#3"},
				"west": {"uv": [3.5, 4.5, 5.5, 5], "texture": "#3"},
				"up": {"uv": [0.5, 6.5, 0, 4.5], "texture": "#3"},
				"down": {"uv": [1, 4.5, 0.5, 6.5], "texture": "#3"}
			}
		},
		{
			"from": [6.86067, 2.36582, 11.89406],
			"to": [8.84099, 5.3873, 14.27582],
			"rotation": {"angle": 45, "axis": "x", "origin": [7.84282, 4.37656, 17.14093]},
			"faces": {
				"north": {"uv": [1, 4.5, 1.5, 5.25], "texture": "#3"},
				"east": {"uv": [1, 5.25, 1.5, 6], "texture": "#3"},
				"south": {"uv": [5.5, 3.5, 6, 4.25], "texture": "#3"},
				"west": {"uv": [5.5, 4.25, 6, 5], "texture": "#3"},
				"up": {"uv": [6.5, 2.5, 6, 2], "texture": "#3"},
				"down": {"uv": [6.5, 3.5, 6, 4], "texture": "#3"}
			}
		},
		{
			"from": [6.97005, 4.04997, 10.2099],
			"to": [8.77067, 5.07146, 12.59166],
			"rotation": {"angle": 45, "axis": "x", "origin": [7.84282, 6.06072, 15.45678]},
			"faces": {
				"north": {"uv": [7, 5.5, 7.5, 5.75], "texture": "#3"},
				"east": {"uv": [7, 5.75, 7.5, 6], "texture": "#3"},
				"south": {"uv": [6, 7, 6.5, 7.25], "texture": "#3"},
				"west": {"uv": [7, 6.75, 7.5, 7], "texture": "#3"},
				"up": {"uv": [5.25, 6.5, 4.75, 6], "texture": "#3"},
				"down": {"uv": [5.75, 6, 5.25, 6.5], "texture": "#3"}
			}
		}
	],
	"display": {
		"thirdperson_righthand": {
			"translation": [0, -1.5, 0.5],
			"scale": [0.6, 0.6, 0.6]
		},
		"thirdperson_lefthand": {
			"translation": [0, -1.5, 0.5],
			"scale": [0.6, 0.6, 0.6]
		},
		"firstperson_righthand": {
			"scale": [0.6, 0.6, 0.6]
		},
		"firstperson_lefthand": {
			"translation": [0, 1.25, 0],
			"scale": [0.6, 0.6, 0.6]
		},
		"ground": {
			"scale": [0.6, 0.6, 0.6]
		},
		"gui": {
			"rotation": [88.31, 53.69, -88.7],
			"translation": [3.5, -4, 0],
			"scale": [0.6, 0.6, 0.6]
		},
		"fixed": {
			"rotation": [88.31, 53.69, -88.7],
			"translation": [3.5, -4, 0],
			"scale": [0.6, 0.6, 0.6]
		}
	}
}