{
	"credit": "Made with Blockbench",
	"texture_size": [64, 64],
	"textures": {
		"1": "fallout:block/atom_investigate"
	},
	"elements": [
		{
			"from": [0, 0, 0],
			"to": [16, 1, 16],
			"rotation": {"angle": 0, "axis": "y", "origin": [-1, 0, 0]},
			"faces": {
				"north": {"uv": [11.5, 10, 15.5, 10.25], "texture": "#1"},
				"east": {"uv": [11.5, 10.25, 15.5, 10.5], "texture": "#1"},
				"south": {"uv": [11.5, 10.5, 15.5, 10.75], "texture": "#1"},
				"west": {"uv": [11.75, 8, 15.75, 8.25], "texture": "#1"},
				"up": {"uv": [4, 4, 0, 0], "texture": "#1"},
				"down": {"uv": [4, 4, 0, 8], "texture": "#1"}
			}
		},
		{
			"from": [1, 1, 1],
			"to": [15, 2, 15],
			"rotation": {"angle": 0, "axis": "y", "origin": [0, 3, 0]},
			"faces": {
				"north": {"uv": [12.5, 0, 16, 0.25], "texture": "#1"},
				"east": {"uv": [12.5, 0.25, 16, 0.5], "texture": "#1"},
				"south": {"uv": [12.5, 0.5, 16, 0.75], "texture": "#1"},
				"west": {"uv": [12.5, 0.75, 16, 1], "texture": "#1"},
				"up": {"uv": [7.5, 3.5, 4, 0], "texture": "#1"},
				"down": {"uv": [7.5, 3.5, 4, 7], "texture": "#1"}
			}
		},
		{
			"from": [11, 17.80859, 7.54688],
			"to": [11.43672, 22.01563, 8.44922],
			"rotation": {"angle": 0, "axis": "y", "origin": [0, 9, 0]},
			"faces": {
				"north": {"uv": [7.5, 6, 7.75, 7], "texture": "#1"},
				"east": {"uv": [7.75, 6, 8, 7], "texture": "#1"},
				"south": {"uv": [8, 6, 8.25, 7], "texture": "#1"},
				"west": {"uv": [8.25, 6, 8.5, 7], "texture": "#1"},
				"up": {"uv": [12.75, 1.25, 12.5, 1], "texture": "#1"},
				"down": {"uv": [10.25, 12.5, 10, 12.75], "texture": "#1"}
			}
		},
		{
			"from": [11.4, 21.80859, 7.54688],
			"to": [11.73672, 22.01563, 8.44922],
			"rotation": {"angle": 0, "axis": "y", "origin": [0, 9, 0]},
			"faces": {
				"north": {"uv": [10.75, 12.5, 11, 12.75], "texture": "#1"},
				"east": {"uv": [12.5, 10.75, 12.75, 11], "texture": "#1"},
				"south": {"uv": [11, 12.5, 11.25, 12.75], "texture": "#1"},
				"west": {"uv": [12.5, 11, 12.75, 11.25], "texture": "#1"},
				"up": {"uv": [11.5, 12.75, 11.25, 12.5], "texture": "#1"},
				"down": {"uv": [12.75, 11.25, 12.5, 11.5], "texture": "#1"}
			}
		},
		{
			"from": [11.4, 17.80859, 7.54688],
			"to": [11.73672, 18.01563, 8.44922],
			"rotation": {"angle": 0, "axis": "y", "origin": [0, 5, 0]},
			"faces": {
				"north": {"uv": [11.5, 12.5, 11.75, 12.75], "texture": "#1"},
				"east": {"uv": [12.5, 11.5, 12.75, 11.75], "texture": "#1"},
				"south": {"uv": [11.75, 12.5, 12, 12.75], "texture": "#1"},
				"west": {"uv": [12.5, 11.75, 12.75, 12], "texture": "#1"},
				"up": {"uv": [12.25, 12.75, 12, 12.5], "texture": "#1"},
				"down": {"uv": [12.75, 12, 12.5, 12.25], "texture": "#1"}
			}
		},
		{
			"from": [11.67969, 17.80859, 7.54688],
			"to": [12.11641, 22.01563, 8.44922],
			"rotation": {"angle": 0, "axis": "y", "origin": [0.67969, 9, 0]},
			"faces": {
				"north": {"uv": [8.5, 6, 8.75, 7], "texture": "#1"},
				"east": {"uv": [8.75, 6, 9, 7], "texture": "#1"},
				"south": {"uv": [8.5, 11.75, 8.75, 12.75], "texture": "#1"},
				"west": {"uv": [8.75, 11.75, 9, 12.75], "texture": "#1"},
				"up": {"uv": [10.5, 12.75, 10.25, 12.5], "texture": "#1"},
				"down": {"uv": [10.75, 12.5, 10.5, 12.75], "texture": "#1"}
			}
		},
		{
			"from": [11.39063, 17.80859, 7.54688],
			"to": [11.71406, 21.74609, 8.25],
			"rotation": {"angle": 0, "axis": "y", "origin": [0.67969, 9, 0]},
			"faces": {
				"north": {"uv": [9, 12.5, 9.25, 13.5], "texture": "#1"},
				"east": {"uv": [9.25, 12.5, 9.5, 13.5], "texture": "#1"},
				"south": {"uv": [9.5, 12.5, 9.75, 13.5], "texture": "#1"},
				"west": {"uv": [9.75, 12.5, 10, 13.5], "texture": "#1"},
				"up": {"uv": [12.5, 12.75, 12.25, 12.5], "texture": "#1"},
				"down": {"uv": [12.75, 12.25, 12.5, 12.5], "texture": "#1"}
			}
		},
		{
			"from": [3, 7, 8],
			"to": [13, 26, 13],
			"rotation": {"angle": 0, "axis": "y", "origin": [0, 9, 5]},
			"faces": {
				"north": {"uv": [4, 7, 6.5, 11.75], "texture": "#1"},
				"east": {"uv": [1.5, 8, 2.75, 12.75], "texture": "#1"},
				"south": {"uv": [6.5, 7, 9, 11.75], "texture": "#1"},
				"west": {"uv": [2.75, 8, 4, 12.75], "texture": "#1"},
				"up": {"uv": [11.5, 10.75, 9, 9.5], "texture": "#1"},
				"down": {"uv": [12.5, 0, 10, 1.25], "texture": "#1"}
			}
		},
		{
			"from": [6, 7, 7.4875],
			"to": [10, 26, 13.71875],
			"rotation": {"angle": 0, "axis": "y", "origin": [0, 9, 5]},
			"faces": {
				"north": {"uv": [9, 0, 10, 4.75], "texture": "#1"},
				"east": {"uv": [7.5, 0, 9, 4.75], "texture": "#1"},
				"south": {"uv": [9, 4.75, 10, 9.5], "texture": "#1"},
				"west": {"uv": [0, 8, 1.5, 12.75], "texture": "#1"},
				"up": {"uv": [12.75, 8, 11.75, 6.5], "texture": "#1"},
				"down": {"uv": [8.5, 11.75, 7.5, 13.25], "texture": "#1"}
			}
		},
		{
			"from": [3.92893, 21, 7.04609],
			"to": [10.92893, 28, 13.82813],
			"rotation": {"angle": 45, "axis": "z", "origin": [5.92893, 26, 13]},
			"faces": {
				"north": {"uv": [10, 1.25, 11.75, 3], "texture": "#1"},
				"east": {"uv": [10, 3, 11.75, 4.75], "texture": "#1"},
				"south": {"uv": [10, 4.75, 11.75, 6.5], "texture": "#1"},
				"west": {"uv": [10, 6.5, 11.75, 8.25], "texture": "#1"},
				"up": {"uv": [10.75, 12.5, 9, 10.75], "texture": "#1"},
				"down": {"uv": [12.5, 10.75, 10.75, 12.5], "texture": "#1"}
			}
		},
		{
			"from": [3.92893, 2, 7.04609],
			"to": [10.92893, 9, 13.82813],
			"rotation": {"angle": 45, "axis": "z", "origin": [5.92893, 7, 13]},
			"faces": {
				"north": {"uv": [11.5, 8.25, 13.25, 10], "texture": "#1"},
				"east": {"uv": [11.75, 1.25, 13.5, 3], "texture": "#1"},
				"south": {"uv": [11.75, 3, 13.5, 4.75], "texture": "#1"},
				"west": {"uv": [4, 11.75, 5.75, 13.5], "texture": "#1"},
				"up": {"uv": [13.5, 6.5, 11.75, 4.75], "texture": "#1"},
				"down": {"uv": [7.5, 11.75, 5.75, 13.5], "texture": "#1"}
			}
		},
		{
			"from": [5, 16, 6],
			"to": [11, 21, 6],
			"rotation": {"angle": 0, "axis": "y", "origin": [8, 20, 6]},
			"faces": {
				"north": {"uv": [7.5, 4.75, 9, 6], "texture": "#1"},
				"east": {"uv": [0, 0, 0, 1.25], "texture": "#1"},
				"south": {"uv": [10, 8.25, 11.5, 9.5], "texture": "#1"},
				"west": {"uv": [0, 0, 0, 1.25], "texture": "#1"},
				"up": {"uv": [1.5, 0, 0, 0], "texture": "#1"},
				"down": {"uv": [1.5, 0, 0, 0], "texture": "#1"}
			}
		}
	],
	"display": {
		"thirdperson_righthand": {
			"rotation": [75, 45, 0],
			"translation": [0, 2.5, 0],
			"scale": [0.375, 0.375, 0.375]
		},
		"thirdperson_lefthand": {
			"rotation": [75, 45, 0],
			"translation": [0, 2.5, 0],
			"scale": [0.375, 0.375, 0.375]
		},
		"firstperson_righthand": {
			"rotation": [0, 45, 0],
			"scale": [0.4, 0.4, 0.4]
		},
		"firstperson_lefthand": {
			"rotation": [0, 225, 0],
			"scale": [0.4, 0.4, 0.4]
		},
		"ground": {
			"translation": [0, 3, 0],
			"scale": [0.25, 0.25, 0.25]
		},
		"gui": {
			"rotation": [30, 225, 0],
			"scale": [0.625, 0.625, 0.625]
		},
		"fixed": {
			"scale": [0.5, 0.5, 0.5]
		}
	}
}