{
	"credit": "Made with Blockbench",
	"texture_size": [64, 64],
	"textures": {
		"2": "fallout:block/power_investigate",
		"particle": "fallout:block/power_investigate"
	},
	"elements": [
		{
			"from": [0.07422, 6.2179, 1.15013],
			"to": [15.88281, 9.2179, 10.84935],
			"rotation": {"angle": -22.5, "axis": "x", "origin": [0.5, 5.2179, 6.15013]},
			"faces": {
				"north": {"uv": [10, 6, 14, 6.75], "texture": "#2"},
				"east": {"uv": [2, 11.75, 4.5, 12.5], "texture": "#2"},
				"south": {"uv": [10, 6.75, 14, 7.5], "texture": "#2"},
				"west": {"uv": [12, 0, 14.5, 0.75], "texture": "#2"},
				"up": {"uv": [8, 2.5, 4, 0], "texture": "#2"},
				"down": {"uv": [8, 2.5, 4, 5], "texture": "#2"}
			}
		},
		{
			"from": [5.07422, 9.2179, 2.15013],
			"to": [14.88281, 9.70618, 7.15013],
			"rotation": {"angle": -22.5, "axis": "x", "origin": [0.5, 5.2179, 6.15013]},
			"faces": {
				"north": {"uv": [11, 10.75, 13.5, 11], "texture": "#2"},
				"east": {"uv": [6, 9.5, 7.25, 9.75], "texture": "#2"},
				"south": {"uv": [12, 0.75, 14.5, 1], "texture": "#2"},
				"west": {"uv": [12, 5.5, 13.25, 5.75], "texture": "#2"},
				"up": {"uv": [8.5, 11, 6, 9.75], "texture": "#2"},
				"down": {"uv": [11, 9.75, 8.5, 11], "texture": "#2"}
			}
		},
		{
			"from": [0, 0, 8],
			"to": [16, 15, 16],
			"rotation": {"angle": 0, "axis": "y", "origin": [16, 0, 0]},
			"faces": {
				"north": {"uv": [0, 0, 4, 3.75], "texture": "#2"},
				"east": {"uv": [8, 6, 10, 9.75], "texture": "#2"},
				"south": {"uv": [0, 3.75, 4, 7.5], "texture": "#2"},
				"west": {"uv": [0, 9.5, 2, 13.25], "texture": "#2"},
				"up": {"uv": [4, 9.5, 0, 7.5], "texture": "#2"},
				"down": {"uv": [12, 0, 8, 2], "texture": "#2"}
			}
		},
		{
			"from": [5, 10, 7],
			"to": [14, 15, 8],
			"rotation": {"angle": 0, "axis": "y", "origin": [16, 0, 0]},
			"faces": {
				"north": {"uv": [10, 7.5, 12.25, 8.75], "texture": "#2"},
				"east": {"uv": [6.5, 12.25, 6.75, 13.5], "texture": "#2"},
				"south": {"uv": [6, 11, 8.25, 12.25], "texture": "#2"},
				"west": {"uv": [6.75, 12.25, 7, 13.5], "texture": "#2"},
				"up": {"uv": [14.25, 1.25, 12, 1], "texture": "#2"},
				"down": {"uv": [14.25, 1.25, 12, 1.5], "texture": "#2"}
			}
		},
		{
			"from": [0, 7, 0],
			"to": [2, 11, 8],
			"faces": {
				"north": {"uv": [5.5, 11.75, 6, 12.75], "texture": "#2"},
				"east": {"uv": [10, 8.75, 12, 9.75], "texture": "#2"},
				"south": {"uv": [12, 1.5, 12.5, 2.5], "texture": "#2"},
				"west": {"uv": [8.25, 11, 10.25, 12], "texture": "#2"},
				"up": {"uv": [5, 13.75, 4.5, 11.75], "texture": "#2"},
				"down": {"uv": [5.5, 11.75, 5, 13.75], "texture": "#2"}
			}
		},
		{
			"from": [1.8, 11.41797, 4.8],
			"to": [3.2, 12, 6.2],
			"rotation": {"angle": 0, "axis": "y", "origin": [1, -1, 0]},
			"faces": {
				"north": {"uv": [8, 12.25, 8.25, 12.5], "texture": "#2"},
				"east": {"uv": [12.25, 8, 12.5, 8.25], "texture": "#2"},
				"south": {"uv": [12.25, 8.25, 12.5, 8.5], "texture": "#2"},
				"west": {"uv": [12.25, 8.5, 12.5, 8.75], "texture": "#2"},
				"up": {"uv": [12.5, 9, 12.25, 8.75], "texture": "#2"},
				"down": {"uv": [12.5, 9, 12.25, 9.25], "texture": "#2"}
			}
		},
		{
			"from": [1.8, 11.41797, 3],
			"to": [3.2, 12, 4.4],
			"rotation": {"angle": 0, "axis": "y", "origin": [1, -1, -1.8]},
			"faces": {
				"north": {"uv": [12.25, 9.25, 12.5, 9.5], "texture": "#2"},
				"east": {"uv": [12.25, 9.5, 12.5, 9.75], "texture": "#2"},
				"south": {"uv": [12.25, 11, 12.5, 11.25], "texture": "#2"},
				"west": {"uv": [12.25, 11.25, 12.5, 11.5], "texture": "#2"},
				"up": {"uv": [12.5, 11.75, 12.25, 11.5], "texture": "#2"},
				"down": {"uv": [12.5, 11.75, 12.25, 12], "texture": "#2"}
			}
		},
		{
			"from": [1.8, 11.41797, 1.2],
			"to": [3.2, 12, 2.6],
			"rotation": {"angle": 0, "axis": "y", "origin": [1, -1, -3.6]},
			"faces": {
				"north": {"uv": [12.25, 12, 12.5, 12.25], "texture": "#2"},
				"east": {"uv": [12.25, 12.25, 12.5, 12.5], "texture": "#2"},
				"south": {"uv": [12.5, 1.5, 12.75, 1.75], "texture": "#2"},
				"west": {"uv": [12.5, 1.75, 12.75, 2], "texture": "#2"},
				"up": {"uv": [2.25, 12.75, 2, 12.5], "texture": "#2"},
				"down": {"uv": [12.75, 2, 12.5, 2.25], "texture": "#2"}
			}
		},
		{
			"from": [2, 7, 5],
			"to": [3, 13, 6],
			"rotation": {"angle": 0, "axis": "y", "origin": [1, -6, 0]},
			"faces": {
				"north": {"uv": [9, 12, 9.25, 13.5], "texture": "#2"},
				"east": {"uv": [9.25, 12, 9.5, 13.5], "texture": "#2"},
				"south": {"uv": [9.5, 12, 9.75, 13.5], "texture": "#2"},
				"west": {"uv": [9.75, 12, 10, 13.5], "texture": "#2"},
				"up": {"uv": [2.5, 12.75, 2.25, 12.5], "texture": "#2"},
				"down": {"uv": [12.75, 2.25, 12.5, 2.5], "texture": "#2"}
			}
		},
		{
			"from": [2, 7, 3.2],
			"to": [3, 13, 4.2],
			"rotation": {"angle": 0, "axis": "y", "origin": [1, -6, -1.8]},
			"faces": {
				"north": {"uv": [10, 12, 10.25, 13.5], "texture": "#2"},
				"east": {"uv": [10.25, 12, 10.5, 13.5], "texture": "#2"},
				"south": {"uv": [10.5, 12, 10.75, 13.5], "texture": "#2"},
				"west": {"uv": [10.75, 12, 11, 13.5], "texture": "#2"},
				"up": {"uv": [2.75, 12.75, 2.5, 12.5], "texture": "#2"},
				"down": {"uv": [12.75, 2.5, 12.5, 2.75], "texture": "#2"}
			}
		},
		{
			"from": [2, 7, 1.4],
			"to": [3, 13, 2.4],
			"rotation": {"angle": 0, "axis": "y", "origin": [1, -6, -3.6]},
			"faces": {
				"north": {"uv": [11, 12, 11.25, 13.5], "texture": "#2"},
				"east": {"uv": [11.25, 12, 11.5, 13.5], "texture": "#2"},
				"south": {"uv": [11.5, 12, 11.75, 13.5], "texture": "#2"},
				"west": {"uv": [11.75, 12, 12, 13.5], "texture": "#2"},
				"up": {"uv": [3, 12.75, 2.75, 12.5], "texture": "#2"},
				"down": {"uv": [12.75, 2.75, 12.5, 3], "texture": "#2"}
			}
		},
		{
			"from": [2, 7, -0.1],
			"to": [3, 13, 0.9],
			"rotation": {"angle": 0, "axis": "y", "origin": [1, -6, -5.1]},
			"faces": {
				"north": {"uv": [12, 12, 12.25, 13.5], "texture": "#2"},
				"east": {"uv": [12.25, 2.5, 12.5, 4], "texture": "#2"},
				"south": {"uv": [6, 12.25, 6.25, 13.75], "texture": "#2"},
				"west": {"uv": [6.25, 12.25, 6.5, 13.75], "texture": "#2"},
				"up": {"uv": [3.25, 12.75, 3, 12.5], "texture": "#2"},
				"down": {"uv": [12.75, 3, 12.5, 3.25], "texture": "#2"}
			}
		},
		{
			"from": [1.8, 11.41797, -0.3],
			"to": [3.2, 12, 1.1],
			"rotation": {"angle": 0, "axis": "y", "origin": [1, -1, -5.1]},
			"faces": {
				"north": {"uv": [7.25, 9.5, 7.5, 9.75], "texture": "#2"},
				"east": {"uv": [7.5, 9.5, 7.75, 9.75], "texture": "#2"},
				"south": {"uv": [7.75, 9.5, 8, 9.75], "texture": "#2"},
				"west": {"uv": [12, 5.75, 12.25, 6], "texture": "#2"},
				"up": {"uv": [12.5, 6, 12.25, 5.75], "texture": "#2"},
				"down": {"uv": [8, 12.25, 7.75, 12.5], "texture": "#2"}
			}
		},
		{
			"from": [3, 7, 0],
			"to": [4, 11, 8],
			"rotation": {"angle": 0, "axis": "y", "origin": [2, 0, 0]},
			"faces": {
				"north": {"uv": [12, 8.75, 12.25, 9.75], "texture": "#2"},
				"east": {"uv": [11, 9.75, 13, 10.75], "texture": "#2"},
				"south": {"uv": [7, 12.25, 7.25, 13.25], "texture": "#2"},
				"west": {"uv": [10.25, 11, 12.25, 12], "texture": "#2"},
				"up": {"uv": [12.25, 4.5, 12, 2.5], "texture": "#2"},
				"down": {"uv": [8.5, 12, 8.25, 14], "texture": "#2"}
			}
		},
		{
			"from": [2, 7, 6],
			"to": [3, 11, 8],
			"rotation": {"angle": 0, "axis": "y", "origin": [1, 0, 0]},
			"faces": {
				"north": {"uv": [7.25, 12.25, 7.5, 13.25], "texture": "#2"},
				"east": {"uv": [12, 4.5, 12.5, 5.5], "texture": "#2"},
				"south": {"uv": [7.5, 12.25, 7.75, 13.25], "texture": "#2"},
				"west": {"uv": [8.5, 12, 9, 13], "texture": "#2"},
				"up": {"uv": [12.5, 4.5, 12.25, 4], "texture": "#2"},
				"down": {"uv": [12.5, 7.5, 12.25, 8], "texture": "#2"}
			}
		},
		{
			"from": [0, 0, 0],
			"to": [16, 9, 8],
			"rotation": {"angle": 0, "axis": "y", "origin": [0, 0, 16]},
			"faces": {
				"north": {"uv": [4, 5, 8, 7.25], "texture": "#2"},
				"east": {"uv": [2, 9.5, 4, 11.75], "texture": "#2"},
				"south": {"uv": [4, 7.25, 8, 9.5], "texture": "#2"},
				"west": {"uv": [4, 9.5, 6, 11.75], "texture": "#2"},
				"up": {"uv": [12, 4, 8, 2], "texture": "#2"},
				"down": {"uv": [12, 4, 8, 6], "texture": "#2"}
			}
		}
	],
	"display": {
		"thirdperson_righthand": {
			"rotation": [75, 45, 0],
			"translation": [0, 2.5, 0],
			"scale": [0.375, 0.375, 0.375]
		},
		"thirdperson_lefthand": {
			"rotation": [75, 45, 0],
			"translation": [0, 2.5, 0],
			"scale": [0.375, 0.375, 0.375]
		},
		"firstperson_righthand": {
			"rotation": [0, 45, 0],
			"scale": [0.4, 0.4, 0.4]
		},
		"firstperson_lefthand": {
			"rotation": [0, 225, 0],
			"scale": [0.4, 0.4, 0.4]
		},
		"ground": {
			"translation": [0, 3, 0],
			"scale": [0.25, 0.25, 0.25]
		},
		"gui": {
			"rotation": [30, 225, 0],
			"scale": [0.625, 0.625, 0.625]
		},
		"fixed": {
			"scale": [0.5, 0.5, 0.5]
		}
	}
}