{
	"credit": "Made with Blockbench",
	"texture_size": [64, 64],
	"textures": {
		"2": "fallout:block/power_research",
		"particle": "fallout:block/power_research"
	},
	"elements": [
		{
			"from": [0.07422, 6.2179, 1.15013],
			"to": [15.88281, 9.2179, 10.84935],
			"rotation": {"angle": -22.5, "axis": "x", "origin": [0.5, 5.2179, 6.15013]},
			"faces": {
				"north": {"uv": [6, 11.5, 10, 12.25], "texture": "#2"},
				"east": {"uv": [12, 2.5, 14.5, 3.25], "texture": "#2"},
				"south": {"uv": [2, 11.75, 6, 12.5], "texture": "#2"},
				"west": {"uv": [12, 3.25, 14.5, 4], "texture": "#2"},
				"up": {"uv": [8, 2.5, 4, 0], "texture": "#2"},
				"down": {"uv": [8, 2.5, 4, 5], "texture": "#2"}
			}
		},
		{
			"from": [5.07422, 9.2179, 2.15013],
			"to": [14.88281, 9.70618, 7.15013],
			"rotation": {"angle": -22.5, "axis": "x", "origin": [0.5, 5.2179, 6.15013]},
			"faces": {
				"north": {"uv": [12, 8, 14.5, 8.25], "texture": "#2"},
				"east": {"uv": [6, 11.25, 7.25, 11.5], "texture": "#2"},
				"south": {"uv": [12, 8.25, 14.5, 8.5], "texture": "#2"},
				"west": {"uv": [12, 9, 13.25, 9.25], "texture": "#2"},
				"up": {"uv": [12.5, 10.75, 10, 9.5], "texture": "#2"},
				"down": {"uv": [12.5, 10.75, 10, 12], "texture": "#2"}
			}
		},
		{
			"from": [0, 0, 8],
			"to": [16, 15, 16],
			"rotation": {"angle": 0, "axis": "y", "origin": [16, 0, 0]},
			"faces": {
				"north": {"uv": [0, 0, 4, 3.75], "texture": "#2"},
				"east": {"uv": [8, 6, 10, 9.75], "texture": "#2"},
				"south": {"uv": [0, 3.75, 4, 7.5], "texture": "#2"},
				"west": {"uv": [0, 9.5, 2, 13.25], "texture": "#2"},
				"up": {"uv": [4, 9.5, 0, 7.5], "texture": "#2"},
				"down": {"uv": [12, 0, 8, 2], "texture": "#2"}
			}
		},
		{
			"from": [5, 10, 7],
			"to": [14, 15, 8],
			"rotation": {"angle": 0, "axis": "y", "origin": [16, 0, 0]},
			"faces": {
				"north": {"uv": [12, 0, 14.25, 1.25], "texture": "#2"},
				"east": {"uv": [7.25, 12.25, 7.5, 13.5], "texture": "#2"},
				"south": {"uv": [12, 1.25, 14.25, 2.5], "texture": "#2"},
				"west": {"uv": [7.5, 12.25, 7.75, 13.5], "texture": "#2"},
				"up": {"uv": [14.25, 8.75, 12, 8.5], "texture": "#2"},
				"down": {"uv": [14.25, 8.75, 12, 9], "texture": "#2"}
			}
		},
		{
			"from": [0, 7, 0],
			"to": [2, 14, 8],
			"faces": {
				"north": {"uv": [10, 12, 10.5, 13.75], "texture": "#2"},
				"east": {"uv": [6, 9.5, 8, 11.25], "texture": "#2"},
				"south": {"uv": [10.5, 12, 11, 13.75], "texture": "#2"},
				"west": {"uv": [8, 9.75, 10, 11.5], "texture": "#2"},
				"up": {"uv": [12.5, 6, 12, 4], "texture": "#2"},
				"down": {"uv": [12.5, 6, 12, 8], "texture": "#2"}
			}
		},
		{
			"from": [3, 7, 0],
			"to": [4, 14, 8],
			"rotation": {"angle": 0, "axis": "y", "origin": [2, 0, 0]},
			"faces": {
				"north": {"uv": [6.25, 12.25, 6.5, 14], "texture": "#2"},
				"east": {"uv": [10, 6, 12, 7.75], "texture": "#2"},
				"south": {"uv": [6.5, 12.25, 6.75, 14], "texture": "#2"},
				"west": {"uv": [10, 7.75, 12, 9.5], "texture": "#2"},
				"up": {"uv": [12.25, 14, 12, 12], "texture": "#2"},
				"down": {"uv": [6.25, 12.25, 6, 14.25], "texture": "#2"}
			}
		},
		{
			"from": [2, 7, 6],
			"to": [3, 14, 8],
			"rotation": {"angle": 0, "axis": "y", "origin": [1, 0, 0]},
			"faces": {
				"north": {"uv": [6.75, 12.25, 7, 14], "texture": "#2"},
				"east": {"uv": [11, 12, 11.5, 13.75], "texture": "#2"},
				"south": {"uv": [7, 12.25, 7.25, 14], "texture": "#2"},
				"west": {"uv": [11.5, 12, 12, 13.75], "texture": "#2"},
				"up": {"uv": [8, 12.75, 7.75, 12.25], "texture": "#2"},
				"down": {"uv": [8.25, 12.25, 8, 12.75], "texture": "#2"}
			}
		},
		{
			"from": [0, 0, 0],
			"to": [16, 9, 8],
			"rotation": {"angle": 0, "axis": "y", "origin": [0, 0, 16]},
			"faces": {
				"north": {"uv": [4, 5, 8, 7.25], "texture": "#2"},
				"east": {"uv": [2, 9.5, 4, 11.75], "texture": "#2"},
				"south": {"uv": [4, 7.25, 8, 9.5], "texture": "#2"},
				"west": {"uv": [4, 9.5, 6, 11.75], "texture": "#2"},
				"up": {"uv": [12, 4, 8, 2], "texture": "#2"},
				"down": {"uv": [12, 4, 8, 6], "texture": "#2"}
			}
		}
	],
	"display": {
		"thirdperson_righthand": {
			"rotation": [75, 45, 0],
			"translation": [0, 2.5, 0],
			"scale": [0.375, 0.375, 0.375]
		},
		"thirdperson_lefthand": {
			"rotation": [75, 45, 0],
			"translation": [0, 2.5, 0],
			"scale": [0.375, 0.375, 0.375]
		},
		"firstperson_righthand": {
			"rotation": [0, 45, 0],
			"scale": [0.4, 0.4, 0.4]
		},
		"firstperson_lefthand": {
			"rotation": [0, 225, 0],
			"scale": [0.4, 0.4, 0.4]
		},
		"ground": {
			"translation": [0, 3, 0],
			"scale": [0.25, 0.25, 0.25]
		},
		"gui": {
			"rotation": [30, 225, 0],
			"scale": [0.625, 0.625, 0.625]
		},
		"fixed": {
			"scale": [0.5, 0.5, 0.5]
		}
	}
}