{
	"credit": "Made with Blockbench",
	"parent": "block/cube_all",
	"texture_size": [64, 64],
	"textures": {
		"1": "fallout:block/steam_investigate"
	},
	"elements": [
		{
			"from": [13, 0, 1],
			"to": [15, 11, 3],
			"rotation": {"angle": 0, "axis": "y", "origin": [20, 11, -4]},
			"faces": {
				"north": {"uv": [8, 7.75, 8.5, 10.5], "texture": "#1"},
				"east": {"uv": [4, 8.25, 4.5, 11], "texture": "#1"},
				"south": {"uv": [4.5, 8.25, 5, 11], "texture": "#1"},
				"west": {"uv": [5, 8.25, 5.5, 11], "texture": "#1"},
				"up": {"uv": [10.5, 8.25, 10, 7.75], "texture": "#1"},
				"down": {"uv": [10.5, 8.25, 10, 8.75], "texture": "#1", "cullface": "down"}
			}
		},
		{
			"from": [1, 0, 1],
			"to": [3, 11, 3],
			"rotation": {"angle": 0, "axis": "y", "origin": [-4, 11, -4]},
			"faces": {
				"north": {"uv": [5.5, 8.25, 6, 11], "texture": "#1"},
				"east": {"uv": [6, 8.25, 6.5, 11], "texture": "#1"},
				"south": {"uv": [6.5, 8.25, 7, 11], "texture": "#1"},
				"west": {"uv": [7, 8.25, 7.5, 11], "texture": "#1"},
				"up": {"uv": [10.5, 9.25, 10, 8.75], "texture": "#1"},
				"down": {"uv": [10.5, 9.25, 10, 9.75], "texture": "#1", "cullface": "down"}
			}
		},
		{
			"from": [1, 0, 13],
			"to": [3, 11, 15],
			"rotation": {"angle": 0, "axis": "y", "origin": [-4, 11, 20]},
			"faces": {
				"north": {"uv": [7.5, 8.25, 8, 11], "texture": "#1"},
				"east": {"uv": [0, 8.5, 0.5, 11.25], "texture": "#1"},
				"south": {"uv": [0.5, 8.5, 1, 11.25], "texture": "#1"},
				"west": {"uv": [1, 8.5, 1.5, 11.25], "texture": "#1"},
				"up": {"uv": [10.5, 10.25, 10, 9.75], "texture": "#1"},
				"down": {"uv": [10.75, 0, 10.25, 0.5], "texture": "#1", "cullface": "down"}
			}
		},
		{
			"from": [13, 0, 13],
			"to": [15, 11, 15],
			"rotation": {"angle": 0, "axis": "y", "origin": [20, 11, 20]},
			"faces": {
				"north": {"uv": [1.5, 8.5, 2, 11.25], "texture": "#1"},
				"east": {"uv": [2, 8.5, 2.5, 11.25], "texture": "#1"},
				"south": {"uv": [2.5, 8.5, 3, 11.25], "texture": "#1"},
				"west": {"uv": [3, 8.5, 3.5, 11.25], "texture": "#1"},
				"up": {"uv": [10.75, 1, 10.25, 0.5], "texture": "#1"},
				"down": {"uv": [10.75, 1, 10.25, 1.5], "texture": "#1", "cullface": "down"}
			}
		},
		{
			"from": [2, 6, 2],
			"to": [14, 11, 14],
			"rotation": {"angle": 0, "axis": "y", "origin": [7, 11, 7]},
			"faces": {
				"north": {"uv": [4, 6, 7, 7.25], "texture": "#1"},
				"east": {"uv": [7, 0, 10, 1.25], "texture": "#1"},
				"south": {"uv": [7, 1.25, 10, 2.5], "texture": "#1"},
				"west": {"uv": [7, 2.5, 10, 3.75], "texture": "#1"},
				"up": {"uv": [7, 3, 4, 0], "texture": "#1"},
				"down": {"uv": [7, 3, 4, 6], "texture": "#1", "cullface": "down"}
			}
		},
		{
			"from": [0, 11, 0],
			"to": [16, 13, 16],
			"rotation": {"angle": 0, "axis": "y", "origin": [7, 11, 7]},
			"faces": {
				"north": {"uv": [4, 7.25, 8, 7.75], "texture": "#1"},
				"east": {"uv": [4, 7.75, 8, 8.25], "texture": "#1"},
				"south": {"uv": [0, 8, 4, 8.5], "texture": "#1"},
				"west": {"uv": [8, 7.25, 12, 7.75], "texture": "#1"},
				"up": {"uv": [4, 4, 0, 0], "texture": "#1"},
				"down": {"uv": [4, 4, 0, 8], "texture": "#1", "cullface": "down"}
			}
		},
		{
			"from": [13, 13, 13],
			"to": [14, 18, 14],
			"rotation": {"angle": 0, "axis": "y", "origin": [22, 13, 6]},
			"faces": {
				"north": {"uv": [9, 5.75, 9.25, 7], "texture": "#1"},
				"east": {"uv": [9.25, 5.75, 9.5, 7], "texture": "#1"},
				"south": {"uv": [9.5, 5.75, 9.75, 7], "texture": "#1"},
				"west": {"uv": [9.75, 5.75, 10, 7], "texture": "#1"},
				"up": {"uv": [10.75, 9.25, 10.5, 9], "texture": "#1"},
				"down": {"uv": [10.75, 9.25, 10.5, 9.5], "texture": "#1", "cullface": "down"}
			}
		},
		{
			"from": [12.84375, 16.5, 12.84375],
			"to": [14.15625, 17, 14.15625],
			"rotation": {"angle": 0, "axis": "y", "origin": [22, 15, 6]},
			"faces": {
				"north": {"uv": [10.5, 9.5, 10.75, 9.75], "texture": "#1"},
				"east": {"uv": [10.5, 9.75, 10.75, 10], "texture": "#1"},
				"south": {"uv": [10.5, 10, 10.75, 10.25], "texture": "#1"},
				"west": {"uv": [10.5, 10.25, 10.75, 10.5], "texture": "#1"},
				"up": {"uv": [10.75, 10.75, 10.5, 10.5], "texture": "#1"},
				"down": {"uv": [11, 0, 10.75, 0.25], "texture": "#1", "cullface": "down"}
			}
		},
		{
			"from": [12.84375, 16.5, 10.84375],
			"to": [14.15625, 17, 12.15625],
			"rotation": {"angle": 0, "axis": "y", "origin": [22, 15, 4]},
			"faces": {
				"north": {"uv": [10.75, 0.75, 11, 1], "texture": "#1"},
				"east": {"uv": [10.75, 1, 11, 1.25], "texture": "#1"},
				"south": {"uv": [10.75, 1.25, 11, 1.5], "texture": "#1"},
				"west": {"uv": [10.75, 1.5, 11, 1.75], "texture": "#1"},
				"up": {"uv": [11, 2, 10.75, 1.75], "texture": "#1"},
				"down": {"uv": [11, 2, 10.75, 2.25], "texture": "#1", "cullface": "down"}
			}
		},
		{
			"from": [13, 13, 11],
			"to": [14, 18, 12],
			"rotation": {"angle": 0, "axis": "y", "origin": [22, 13, 4]},
			"faces": {
				"north": {"uv": [9, 9.75, 9.25, 11], "texture": "#1"},
				"east": {"uv": [9.25, 9.75, 9.5, 11], "texture": "#1"},
				"south": {"uv": [9.5, 9.75, 9.75, 11], "texture": "#1"},
				"west": {"uv": [9.75, 9.75, 10, 11], "texture": "#1"},
				"up": {"uv": [11, 0.5, 10.75, 0.25], "texture": "#1"},
				"down": {"uv": [11, 0.5, 10.75, 0.75], "texture": "#1", "cullface": "down"}
			}
		},
		{
			"from": [12.84375, 16.5, 8.84375],
			"to": [14.15625, 17, 10.15625],
			"rotation": {"angle": 0, "axis": "y", "origin": [22, 15, 2]},
			"faces": {
				"north": {"uv": [10.75, 2.75, 11, 3], "texture": "#1"},
				"east": {"uv": [10.75, 3, 11, 3.25], "texture": "#1"},
				"south": {"uv": [10.75, 3.25, 11, 3.5], "texture": "#1"},
				"west": {"uv": [10.75, 3.5, 11, 3.75], "texture": "#1"},
				"up": {"uv": [11, 6, 10.75, 5.75], "texture": "#1"},
				"down": {"uv": [11, 6, 10.75, 6.25], "texture": "#1", "cullface": "down"}
			}
		},
		{
			"from": [13, 13, 9],
			"to": [14, 18, 10],
			"rotation": {"angle": 0, "axis": "y", "origin": [22, 13, 2]},
			"faces": {
				"north": {"uv": [10, 0, 10.25, 1.25], "texture": "#1"},
				"east": {"uv": [10, 1.25, 10.25, 2.5], "texture": "#1"},
				"south": {"uv": [10, 2.5, 10.25, 3.75], "texture": "#1"},
				"west": {"uv": [10, 5.75, 10.25, 7], "texture": "#1"},
				"up": {"uv": [11, 2.5, 10.75, 2.25], "texture": "#1"},
				"down": {"uv": [11, 2.5, 10.75, 2.75], "texture": "#1", "cullface": "down"}
			}
		},
		{
			"from": [12, 13, 7],
			"to": [13, 15, 15],
			"rotation": {"angle": 0, "axis": "y", "origin": [22, 13, 6]},
			"faces": {
				"north": {"uv": [8.25, 10.5, 8.5, 11], "texture": "#1"},
				"east": {"uv": [9, 4.75, 11, 5.25], "texture": "#1"},
				"south": {"uv": [10.5, 8.25, 10.75, 8.75], "texture": "#1"},
				"west": {"uv": [9, 5.25, 11, 5.75], "texture": "#1"},
				"up": {"uv": [8.75, 11.75, 8.5, 9.75], "texture": "#1"},
				"down": {"uv": [9, 9.75, 8.75, 11.75], "texture": "#1", "cullface": "down"}
			}
		},
		{
			"from": [14, 13, 7],
			"to": [15, 15, 15],
			"rotation": {"angle": 0, "axis": "y", "origin": [24, 13, 6]},
			"faces": {
				"north": {"uv": [10.5, 7.75, 10.75, 8.25], "texture": "#1"},
				"east": {"uv": [9, 3.75, 11, 4.25], "texture": "#1"},
				"south": {"uv": [8, 10.5, 8.25, 11], "texture": "#1"},
				"west": {"uv": [9, 4.25, 11, 4.75], "texture": "#1"},
				"up": {"uv": [9.75, 9.75, 9.5, 7.75], "texture": "#1"},
				"down": {"uv": [10, 7.75, 9.75, 9.75], "texture": "#1", "cullface": "down"}
			}
		}
	],
	"display": {
		"thirdperson_righthand": {
			"rotation": [75, 45, 0],
			"translation": [0, 2.5, 0],
			"scale": [0.375, 0.375, 0.375]
		},
		"thirdperson_lefthand": {
			"rotation": [75, 45, 0],
			"translation": [0, 2.5, 0],
			"scale": [0.375, 0.375, 0.375]
		},
		"firstperson_righthand": {
			"rotation": [0, 45, 0],
			"scale": [0.4, 0.4, 0.4]
		},
		"firstperson_lefthand": {
			"rotation": [0, 225, 0],
			"scale": [0.4, 0.4, 0.4]
		},
		"ground": {
			"translation": [0, 3, 0],
			"scale": [0.25, 0.25, 0.25]
		},
		"gui": {
			"rotation": [30, 225, 0],
			"scale": [0.625, 0.625, 0.625]
		},
		"fixed": {
			"scale": [0.5, 0.5, 0.5]
		}
	}
}