{
	"credit": "Made with Blockbench",
	"texture_size": [256, 256],
	"textures": {
		"0": "fallout:block/stepper"
	},
	"elements": [
		{
			"name": "bb_main",
			"from": [-16, -16, -16],
			"to": [32, 32, 32],
			"rotation": {"angle": 0, "axis": "y", "origin": [7.7, -7.67657, -17.72227]},
			"faces": {
				"north": {"uv": [0, 0, 3, 3], "texture": "#0"},
				"east": {"uv": [0, 3, 3, 6], "texture": "#0"},
				"south": {"uv": [3, 0, 6, 3], "texture": "#0"},
				"west": {"uv": [3, 3, 6, 6], "texture": "#0"},
				"up": {"uv": [3, 9, 0, 6], "texture": "#0"},
				"down": {"uv": [9, 0, 6, 3], "texture": "#0"}
			}
		},
		{
			"from": [0, -13, -15.9],
			"to": [0, 31.42969, 28],
			"rotation": {"angle": 0, "axis": "y", "origin": [7.7, -7.67657, -17.72227]},
			"faces": {
				"north": {"uv": [0.75, 10.4375, 0.94006, 10.8125], "texture": "#0"},
				"east": {"uv": [3, 0, 6, 3], "texture": "#0"},
				"south": {"uv": [0.75, 10.4375, 0.94006, 10.8125], "texture": "#0"},
				"west": {"uv": [0.75, 10.4375, 0.99375, 10.8125], "texture": "#0"},
				"up": {"uv": [0.75, 10.4375, 0.94006, 10.8125], "texture": "#0"},
				"down": {"uv": [0.75, 10.4375, 0.94006, 10.8125], "texture": "#0"}
			}
		},
		{
			"from": [-2, -13, 14.1],
			"to": [31.8, 31.42969, 14.1],
			"rotation": {"angle": 0, "axis": "y", "origin": [7.7, -7.67657, -17.72227]},
			"faces": {
				"north": {"uv": [3, 0, 6, 3], "texture": "#0"},
				"east": {"uv": [0.25, 11.5, 0.375, 12.125], "texture": "#0"},
				"south": {"uv": [0.125, 11.5, 0.13021, 12.07851], "texture": "#0"},
				"west": {"uv": [0.125, 11.5, 0.23932, 12.07851], "texture": "#0"},
				"up": {"uv": [0.125, 11.5, 0.13021, 12.07161], "texture": "#0"},
				"down": {"uv": [0.125, 11.5, 0.13021, 12.07161], "texture": "#0"}
			}
		},
		{
			"from": [-16, -2.57031, -15.9],
			"to": [31.8, -2.57031, 31.69531],
			"rotation": {"angle": 0, "axis": "y", "origin": [7.7, -7.67657, -17.72227]},
			"faces": {
				"north": {"uv": [0.1875, 10.625, 0.375, 11.125], "texture": "#0"},
				"east": {"uv": [0.1875, 10.625, 0.375, 11.125], "texture": "#0"},
				"south": {"uv": [0, 10.625, 0.00781, 11.08781], "texture": "#0"},
				"west": {"uv": [0, 10.625, 0.17148, 11.08781], "texture": "#0"},
				"up": {"uv": [0, 6, 3, 9], "texture": "#0"},
				"down": {"uv": [0, 10.625, 0.00781, 11.08229], "texture": "#0"}
			}
		},
		{
			"from": [1.75, -2.13594, -13.15],
			"to": [29.05, -0.21406, 11.94531],
			"rotation": {"angle": 0, "axis": "y", "origin": [7.7, -7.67657, -17.72227]},
			"faces": {
				"north": {"uv": [6, 4.5625, 7.6875, 4.6875], "texture": "#0"},
				"east": {"uv": [6, 4.6875, 7.5625, 4.8125], "texture": "#0"},
				"south": {"uv": [4.6875, 6, 6.375, 6.125], "texture": "#0"},
				"west": {"uv": [6, 4.8125, 7.5625, 4.9375], "texture": "#0"},
				"up": {"uv": [4.6875, 7.5625, 3, 6], "texture": "#0"},
				"down": {"uv": [7.6875, 3, 6, 4.5625], "texture": "#0"}
			}
		},
		{
			"from": [1.75, 2.27734, 12.03672],
			"to": [29.05, 27.37266, 13.95859],
			"rotation": {"angle": 0, "axis": "x", "origin": [7.7, -7.67657, -17.72227]},
			"faces": {
				"north": {"uv": [4.6875, 7.5625, 3, 6], "rotation": 180, "texture": "#0"},
				"east": {"uv": [6, 4.6875, 7.5625, 4.8125], "rotation": 90, "texture": "#0"},
				"south": {"uv": [7.6875, 3, 6, 4.5625], "texture": "#0"},
				"west": {"uv": [6, 4.8125, 7.5625, 4.9375], "rotation": 270, "texture": "#0"},
				"up": {"uv": [4.6875, 6, 6.375, 6.125], "texture": "#0"},
				"down": {"uv": [6, 4.5625, 7.6875, 4.6875], "rotation": 180, "texture": "#0"}
			}
		},
		{
			"from": [-0.16094, 2.27734, -14.65234],
			"to": [1.76094, 27.37266, 12.64766],
			"rotation": {"angle": 0, "axis": "y", "origin": [7.7, -7.67657, -17.72227]},
			"faces": {
				"north": {"uv": [6, 4.8125, 7.5625, 4.9375], "rotation": 270, "texture": "#0"},
				"east": {"uv": [4.6875, 7.5625, 3, 6], "rotation": 180, "texture": "#0"},
				"south": {"uv": [6, 4.6875, 7.5625, 4.8125], "rotation": 90, "texture": "#0"},
				"west": {"uv": [7.6875, 3, 6, 4.5625], "texture": "#0"},
				"up": {"uv": [4.6875, 6, 6.375, 6.125], "rotation": 90, "texture": "#0"},
				"down": {"uv": [6, 4.5625, 7.6875, 4.6875], "rotation": 90, "texture": "#0"}
			}
		},
		{
			"from": [3.05, -6.3507, 9.24784],
			"to": [3.45, -5.22882, 10.36974],
			"rotation": {"angle": -45, "axis": "x", "origin": [7.7, -7.67657, -17.72227]},
			"faces": {
				"north": {"uv": [6.125, 7, 6.1875, 7.0625], "texture": "#0"},
				"east": {"uv": [6.1875, 7, 6.25, 7.0625], "texture": "#0"},
				"south": {"uv": [6.25, 7, 6.3125, 7.0625], "texture": "#0"},
				"west": {"uv": [6.3125, 7, 6.375, 7.0625], "texture": "#0"},
				"up": {"uv": [6.4375, 7.0625, 6.375, 7], "texture": "#0"},
				"down": {"uv": [6.5, 7, 6.4375, 7.0625], "texture": "#0"}
			}
		},
		{
			"from": [3.05, -4.93649, 10.66205],
			"to": [3.45, -3.81461, 11.78395],
			"rotation": {"angle": -45, "axis": "x", "origin": [7.7, -7.67657, -17.72227]},
			"faces": {
				"north": {"uv": [6.5, 7, 6.5625, 7.0625], "texture": "#0"},
				"east": {"uv": [6.5625, 7, 6.625, 7.0625], "texture": "#0"},
				"south": {"uv": [7, 6.5625, 7.0625, 6.625], "texture": "#0"},
				"west": {"uv": [7, 6.625, 7.0625, 6.6875], "texture": "#0"},
				"up": {"uv": [7.0625, 6.75, 7, 6.6875], "texture": "#0"},
				"down": {"uv": [7.0625, 6.75, 7, 6.8125], "texture": "#0"}
			}
		},
		{
			"from": [3.05, -3.52227, 12.07627],
			"to": [3.45, -2.40039, 13.19817],
			"rotation": {"angle": -45, "axis": "x", "origin": [7.7, -7.67657, -17.72227]},
			"faces": {
				"north": {"uv": [7, 6.8125, 7.0625, 6.875], "texture": "#0"},
				"east": {"uv": [7, 6.875, 7.0625, 6.9375], "texture": "#0"},
				"south": {"uv": [4.6875, 7.0625, 4.75, 7.125], "texture": "#0"},
				"west": {"uv": [4.75, 7.0625, 4.8125, 7.125], "texture": "#0"},
				"up": {"uv": [4.875, 7.125, 4.8125, 7.0625], "texture": "#0"},
				"down": {"uv": [7.125, 5.25, 7.0625, 5.3125], "texture": "#0"}
			}
		},
		{
			"from": [3.05, -2.10806, 13.49048],
			"to": [3.45, -0.98618, 14.61238],
			"rotation": {"angle": -45, "axis": "x", "origin": [7.7, -7.67657, -17.72227]},
			"faces": {
				"north": {"uv": [7, 5.25, 7.0625, 5.3125], "texture": "#0"},
				"east": {"uv": [7, 5.3125, 7.0625, 5.375], "texture": "#0"},
				"south": {"uv": [7, 5.375, 7.0625, 5.4375], "texture": "#0"},
				"west": {"uv": [7, 5.4375, 7.0625, 5.5], "texture": "#0"},
				"up": {"uv": [7.0625, 5.5625, 7, 5.5], "texture": "#0"},
				"down": {"uv": [7.0625, 5.5625, 7, 5.625], "texture": "#0"}
			}
		},
		{
			"from": [3.05, -0.69385, 14.90469],
			"to": [3.45, 0.42803, 16.02659],
			"rotation": {"angle": -45, "axis": "x", "origin": [7.7, -7.67657, -17.72227]},
			"faces": {
				"north": {"uv": [7, 5.625, 7.0625, 5.6875], "texture": "#0"},
				"east": {"uv": [7, 5.6875, 7.0625, 5.75], "texture": "#0"},
				"south": {"uv": [7, 5.75, 7.0625, 5.8125], "texture": "#0"},
				"west": {"uv": [7, 5.8125, 7.0625, 5.875], "texture": "#0"},
				"up": {"uv": [7.0625, 5.9375, 7, 5.875], "texture": "#0"},
				"down": {"uv": [7.0625, 5.9375, 7, 6], "texture": "#0"}
			}
		},
		{
			"from": [3.05, 0.72037, 16.31891],
			"to": [3.45, 1.84225, 17.44081],
			"rotation": {"angle": -45, "axis": "x", "origin": [7.7, -7.67657, -17.72227]},
			"faces": {
				"north": {"uv": [6.6875, 6.8125, 6.75, 6.875], "texture": "#0"},
				"east": {"uv": [6.625, 6.875, 6.6875, 6.9375], "texture": "#0"},
				"south": {"uv": [6.6875, 6.875, 6.75, 6.9375], "texture": "#0"},
				"west": {"uv": [4.6875, 7, 4.75, 7.0625], "texture": "#0"},
				"up": {"uv": [4.8125, 7.0625, 4.75, 7], "texture": "#0"},
				"down": {"uv": [4.875, 7, 4.8125, 7.0625], "texture": "#0"}
			}
		},
		{
			"from": [2.05, 10.86406, -1.15],
			"to": [2.95, 24.78594, 1.94531],
			"rotation": {"angle": 0, "axis": "y", "origin": [7.7, -7.67657, -17.72227]},
			"faces": {
				"north": {"uv": [5.125, 6.6875, 5.1875, 7.5625], "texture": "#0"},
				"east": {"uv": [6, 4.9375, 6.1875, 5.8125], "texture": "#0"},
				"south": {"uv": [5.1875, 6.6875, 5.25, 7.5625], "texture": "#0"},
				"west": {"uv": [4.6875, 6.125, 4.875, 7], "texture": "#0"},
				"up": {"uv": [6.0625, 6, 6, 5.8125], "texture": "#0"},
				"down": {"uv": [6.125, 5.8125, 6.0625, 6], "texture": "#0"}
			}
		},
		{
			"from": [2.05, 0.86406, -1.89766],
			"to": [2.68437, 30.78594, -1.19141],
			"rotation": {"angle": 0, "axis": "y", "origin": [7.7, -7.67657, -17.72227]},
			"faces": {
				"north": {"uv": [5.875, 6.375, 5.9375, 8.25], "texture": "#0"},
				"east": {"uv": [5.9375, 6.375, 6, 8.25], "texture": "#0"},
				"south": {"uv": [6, 6.375, 6.0625, 8.25], "texture": "#0"},
				"west": {"uv": [6.0625, 6.375, 6.125, 8.25], "texture": "#0"},
				"up": {"uv": [6.5, 6.125, 6.4375, 6.0625], "texture": "#0"},
				"down": {"uv": [6.6875, 6.8125, 6.625, 6.875], "texture": "#0"}
			}
		},
		{
			"from": [2.05, 26.86406, -1.89766],
			"to": [2.48437, 27.57026, 13.80859],
			"rotation": {"angle": 0, "axis": "y", "origin": [7.7, -7.67657, -17.72227]},
			"faces": {
				"north": {"uv": [6.375, 6.0625, 6.4375, 6.125], "texture": "#0"},
				"east": {"uv": [6.75, 5.125, 7.75, 5.1875], "texture": "#0"},
				"south": {"uv": [6.4375, 6, 6.5, 6.0625], "texture": "#0"},
				"west": {"uv": [6.75, 5.1875, 7.75, 5.25], "texture": "#0"},
				"up": {"uv": [5.0625, 7.6875, 5, 6.6875], "texture": "#0"},
				"down": {"uv": [5.125, 6.6875, 5.0625, 7.6875], "texture": "#0"}
			}
		},
		{
			"from": [2.05, 23.86406, -2.14766],
			"to": [2.98437, 27.57026, 2.80859],
			"rotation": {"angle": 0, "axis": "y", "origin": [7.7, -7.67657, -17.72227]},
			"faces": {
				"north": {"uv": [5.25, 6.6875, 5.3125, 6.9375], "texture": "#0"},
				"east": {"uv": [6.125, 6.5625, 6.4375, 6.8125], "texture": "#0"},
				"south": {"uv": [5.3125, 6.6875, 5.375, 6.9375], "texture": "#0"},
				"west": {"uv": [6.4375, 6.5625, 6.75, 6.8125], "texture": "#0"},
				"up": {"uv": [5.5625, 7.25, 5.5, 6.9375], "texture": "#0"},
				"down": {"uv": [5.625, 6.9375, 5.5625, 7.25], "texture": "#0"}
			}
		},
		{
			"from": [2.05, 23.86406, -1.89766],
			"to": [2.48437, 24.57026, 13.80859],
			"rotation": {"angle": 0, "axis": "y", "origin": [7.7, -7.67657, -17.72227]},
			"faces": {
				"north": {"uv": [6.125, 5.8125, 6.1875, 5.875], "texture": "#0"},
				"east": {"uv": [6.6875, 6.5, 7.6875, 6.5625], "texture": "#0"},
				"south": {"uv": [6.125, 5.875, 6.1875, 5.9375], "texture": "#0"},
				"west": {"uv": [6.75, 5.0625, 7.75, 5.125], "texture": "#0"},
				"up": {"uv": [4.9375, 7.6875, 4.875, 6.6875], "texture": "#0"},
				"down": {"uv": [5, 6.6875, 4.9375, 7.6875], "texture": "#0"}
			}
		},
		{
			"from": [2.05, 0.86406, 2.10234],
			"to": [2.68437, 30.78594, 2.80859],
			"rotation": {"angle": 0, "axis": "y", "origin": [7.7, -7.67657, -17.72227]},
			"faces": {
				"north": {"uv": [5.625, 6.375, 5.6875, 8.25], "texture": "#0"},
				"east": {"uv": [5.6875, 6.375, 5.75, 8.25], "texture": "#0"},
				"south": {"uv": [5.75, 6.375, 5.8125, 8.25], "texture": "#0"},
				"west": {"uv": [5.8125, 6.375, 5.875, 8.25], "texture": "#0"},
				"up": {"uv": [6.1875, 6, 6.125, 5.9375], "texture": "#0"},
				"down": {"uv": [6.4375, 6, 6.375, 6.0625], "texture": "#0"}
			}
		},
		{
			"from": [12.75, 0.26406, -5.15],
			"to": [17.05, 2.84063, 3.94531],
			"rotation": {"angle": 0, "axis": "y", "origin": [7.7, -7.67657, -17.72227]},
			"faces": {
				"north": {"uv": [6.75, 5.25, 7, 5.4375], "texture": "#0"},
				"east": {"uv": [6.125, 6.375, 6.6875, 6.5625], "texture": "#0"},
				"south": {"uv": [6.75, 6.5625, 7, 6.75], "texture": "#0"},
				"west": {"uv": [6.4375, 5.4375, 7, 5.625], "texture": "#0"},
				"up": {"uv": [5.125, 6.6875, 4.875, 6.125], "texture": "#0"},
				"down": {"uv": [5.375, 6.125, 5.125, 6.6875], "texture": "#0"}
			}
		},
		{
			"from": [10.35234, 0.26406, -2.75234],
			"to": [19.44766, 2.91875, 1.54766],
			"rotation": {"angle": 0, "axis": "y", "origin": [7.7, -7.67657, -17.72227]},
			"faces": {
				"north": {"uv": [6.4375, 5.625, 7, 5.8125], "texture": "#0"},
				"east": {"uv": [6.75, 6.75, 7, 6.9375], "texture": "#0"},
				"south": {"uv": [6.4375, 5.8125, 7, 6], "texture": "#0"},
				"west": {"uv": [6.125, 6.8125, 6.375, 7], "texture": "#0"},
				"up": {"uv": [5.9375, 6.375, 5.375, 6.125], "texture": "#0"},
				"down": {"uv": [6.5, 6.125, 5.9375, 6.375], "texture": "#0"}
			}
		},
		{
			"from": [20.34913, 0.26406, -12.85782],
			"to": [29.44445, 2.64922, -8.55782],
			"rotation": {"angle": -45, "axis": "y", "origin": [7.7, -7.67657, -17.72227]},
			"faces": {
				"north": {"uv": [6.6875, 6.375, 7.25, 6.5], "texture": "#0"},
				"east": {"uv": [6.625, 6.9375, 6.875, 7.0625], "texture": "#0"},
				"south": {"uv": [6.75, 4.9375, 7.3125, 5.0625], "texture": "#0"},
				"west": {"uv": [6.875, 6.9375, 7.125, 7.0625], "texture": "#0"},
				"up": {"uv": [6.75, 5.1875, 6.1875, 4.9375], "texture": "#0"},
				"down": {"uv": [6.75, 5.1875, 6.1875, 5.4375], "texture": "#0"}
			}
		},
		{
			"from": [22.74679, 0.26406, -15.25548],
			"to": [27.04679, 2.78594, -6.16017],
			"rotation": {"angle": -45, "axis": "y", "origin": [7.7, -7.67657, -17.72227]},
			"faces": {
				"north": {"uv": [6.375, 6.8125, 6.625, 7], "texture": "#0"},
				"east": {"uv": [6.5, 6, 7.0625, 6.1875], "texture": "#0"},
				"south": {"uv": [5.25, 6.9375, 5.5, 7.125], "texture": "#0"},
				"west": {"uv": [6.5, 6.1875, 7.0625, 6.375], "texture": "#0"},
				"up": {"uv": [6.4375, 6, 6.1875, 5.4375], "texture": "#0"},
				"down": {"uv": [5.625, 6.375, 5.375, 6.9375], "texture": "#0"}
			}
		}
	],
	"display": {
		"thirdperson_righthand": {
			"rotation": [75, 45, 0],
			"translation": [0, 2.5, 0],
			"scale": [0.375, 0.375, 0.375]
		},
		"thirdperson_lefthand": {
			"rotation": [75, 45, 0],
			"translation": [0, 2.5, 0],
			"scale": [0.375, 0.375, 0.375]
		},
		"firstperson_righthand": {
			"rotation": [0, 45, 0],
			"scale": [0.4, 0.4, 0.4]
		},
		"firstperson_lefthand": {
			"rotation": [0, 225, 0],
			"scale": [0.4, 0.4, 0.4]
		},
		"ground": {
			"translation": [0, 3, 0],
			"scale": [0.25, 0.25, 0.25]
		},
		"gui": {
			"rotation": [30, 225, 0],
			"scale": [0.625, 0.625, 0.625]
		},
		"fixed": {
			"scale": [0.5, 0.5, 0.5]
		}
	},
	"groups": [
		{
			"name": "bb_main",
			"origin": [8, 0, 8],
			"color": 0,
			"children": [0, 1, 2, 3, 4, 5, 6, 7, 8, 9, 10, 11, 12, 13, 14, 15, 16, 17, 18, 19, 20, 21, 22]
		}
	]
}