{
  "variants": {
    "facing=east,unstable=false": {
      "model": "witherstormmod:block/formidibomb",
      "y": 270
    },
    "facing=east,unstable=true": {
      "model": "witherstormmod:block/formidibomb",
      "y": 270
    },
    "facing=north,unstable=false": {
      "model": "witherstormmod:block/formidibomb",
      "y": 180
    },
    "facing=north,unstable=true": {
      "model": "witherstormmod:block/formidibomb",
      "y": 180
    },
    "facing=south,unstable=false": {
      "model": "witherstormmod:block/formidibomb"
    },
    "facing=south,unstable=true": {
      "model": "witherstormmod:block/formidibomb"
    },
    "facing=west,unstable=false": {
      "model": "witherstormmod:block/formidibomb",
      "y": 90
    },
    "facing=west,unstable=true": {
      "model": "witherstormmod:block/formidibomb",
      "y": 90
    }
  }
}