{
	"credit": "Made with Blockbench",
	"texture_size": [64, 64],
	"textures": {
		"5": "texture"
	},
	"elements": [
		{
			"from": [7.30388, -4.59737, 21.32012],
			"to": [8.69612, -2.74434, 22.37215],
			"rotation": {"angle": -22.5, "axis": "x", "origin": [7.64112, 3.96, 7.92294]},
			"faces": {
				"north": {"uv": [5.75, 7.25, 6, 7.75], "texture": "#5"},
				"east": {"uv": [6, 7.25, 6.25, 7.75], "texture": "#5"},
				"south": {"uv": [7.25, 6, 7.5, 6.5], "texture": "#5"},
				"west": {"uv": [6.75, 7.25, 7, 7.75], "texture": "#5"},
				"up": {"uv": [8.5, 4.75, 8.25, 4.5], "texture": "#5"},
				"down": {"uv": [5, 8.25, 4.75, 8.5], "texture": "#5"}
			}
		},
		{
			"from": [8.91167, 5.20191, 4.24794],
			"to": [9.45167, 5.74191, 17.07794],
			"rotation": {"angle": 45, "axis": "z", "origin": [7.63888, 3.96, 7.92294]},
			"faces": {
				"north": {"uv": [4.25, 6.25, 4.5, 6.5], "texture": "#5"},
				"east": {"uv": [0, 2, 3.25, 2.25], "texture": "#5"},
				"south": {"uv": [7.5, 6.25, 7.75, 6.5], "texture": "#5"},
				"west": {"uv": [0, 2.25, 3.25, 2.5], "texture": "#5"},
				"up": {"uv": [0.25, 5.75, 0, 2.5], "texture": "#5"},
				"down": {"uv": [0.5, 2.5, 0.25, 5.75], "texture": "#5"}
			}
		},
		{
			"from": [6.3352, 5.71103, 4.24794],
			"to": [6.8752, 6.25103, 17.07794],
			"rotation": {"angle": -45, "axis": "z", "origin": [7.63888, 3.96, 7.92294]},
			"faces": {
				"north": {"uv": [7.75, 0, 8, 0.25], "texture": "#5"},
				"east": {"uv": [0.5, 2.5, 3.75, 2.75], "texture": "#5"},
				"south": {"uv": [7.75, 0.25, 8, 0.5], "texture": "#5"},
				"west": {"uv": [0.5, 2.75, 3.75, 3], "texture": "#5"},
				"up": {"uv": [0.75, 6.25, 0.5, 3], "texture": "#5"},
				"down": {"uv": [1, 3, 0.75, 6.25], "texture": "#5"}
			}
		},
		{
			"from": [7.66071, 6.12, 4.24794],
			"to": [8.33704, 6.50184, 17.07794],
			"rotation": {"angle": 0, "axis": "y", "origin": [7.63888, 3.96, 7.92294]},
			"faces": {
				"north": {"uv": [0.5, 7.75, 0.75, 8], "texture": "#5"},
				"east": {"uv": [2.75, 1, 6, 1.25], "texture": "#5"},
				"south": {"uv": [7.75, 0.5, 8, 0.75], "texture": "#5"},
				"west": {"uv": [2.75, 1.25, 6, 1.5], "texture": "#5"},
				"up": {"uv": [1.25, 6.25, 1, 3], "texture": "#5"},
				"down": {"uv": [1.5, 3, 1.25, 6.25], "texture": "#5"}
			}
		},
		{
			"from": [7.66071, 3.93816, 6.92394],
			"to": [8.33704, 4.32, 17.10294],
			"rotation": {"angle": 0, "axis": "y", "origin": [7.63888, 3.96, 7.92294]},
			"faces": {
				"north": {"uv": [0.75, 7.75, 1, 8], "texture": "#5"},
				"east": {"uv": [2.75, 1.5, 5.25, 1.75], "texture": "#5"},
				"south": {"uv": [7.75, 0.75, 8, 1], "texture": "#5"},
				"west": {"uv": [2.75, 1.75, 5.25, 2], "texture": "#5"},
				"up": {"uv": [1.75, 5.5, 1.5, 3], "texture": "#5"},
				"down": {"uv": [2, 3, 1.75, 5.5], "texture": "#5"}
			}
		},
		{
			"from": [8.11711, 3.45088, 6.92394],
			"to": [8.65711, 3.99088, 17.10294],
			"rotation": {"angle": 45, "axis": "z", "origin": [7.63888, 3.96, 7.92294]},
			"faces": {
				"north": {"uv": [7.75, 1, 8, 1.25], "texture": "#5"},
				"east": {"uv": [3, 0, 5.5, 0.25], "texture": "#5"},
				"south": {"uv": [7.75, 1.25, 8, 1.5], "texture": "#5"},
				"west": {"uv": [3, 0.25, 5.5, 0.5], "texture": "#5"},
				"up": {"uv": [2.25, 5.5, 2, 3], "texture": "#5"},
				"down": {"uv": [2.5, 3, 2.25, 5.5], "texture": "#5"}
			}
		},
		{
			"from": [7.12976, 3.96, 6.92394],
			"to": [7.66976, 4.5, 17.10294],
			"rotation": {"angle": -45, "axis": "z", "origin": [7.63888, 3.96, 7.92294]},
			"faces": {
				"north": {"uv": [7.75, 1.5, 8, 1.75], "texture": "#5"},
				"east": {"uv": [3, 0.5, 5.5, 0.75], "texture": "#5"},
				"south": {"uv": [1.75, 7.75, 2, 8], "texture": "#5"},
				"west": {"uv": [3, 0.75, 5.5, 1], "texture": "#5"},
				"up": {"uv": [2.75, 5.5, 2.5, 3], "texture": "#5"},
				"down": {"uv": [3, 3, 2.75, 5.5], "texture": "#5"}
			}
		},
		{
			"from": [7.28, 4.32, 9.80394],
			"to": [8.72, 6.12, 17.10294],
			"rotation": {"angle": 0, "axis": "y", "origin": [7.64, 3.96, 7.92294]},
			"faces": {
				"north": {"uv": [4.25, 3, 4.5, 3.5], "texture": "#5"},
				"east": {"uv": [1, 1, 2.75, 1.5], "texture": "#5"},
				"south": {"uv": [4.75, 2.5, 5, 3], "texture": "#5"},
				"west": {"uv": [1, 1.5, 2.75, 2], "texture": "#5"},
				"up": {"uv": [4.5, 6.25, 4.25, 4.5], "texture": "#5"},
				"down": {"uv": [5, 4, 4.75, 5.75], "texture": "#5"}
			}
		},
		{
			"from": [7.30296, 7.93014, 11.9459],
			"to": [8.69479, 9.01014, 12.50774],
			"rotation": {"angle": 45, "axis": "x", "origin": [7.63888, 3.96, 7.92294]},
			"faces": {
				"north": {"uv": [7.75, 1.75, 8, 2], "texture": "#5"},
				"east": {"uv": [2, 7.75, 2.25, 8], "texture": "#5"},
				"south": {"uv": [2.5, 7.75, 2.75, 8], "texture": "#5"},
				"west": {"uv": [2.75, 7.75, 3, 8], "texture": "#5"},
				"up": {"uv": [8, 3, 7.75, 2.75], "texture": "#5"},
				"down": {"uv": [3.25, 7.75, 3, 8], "texture": "#5"}
			}
		},
		{
			"from": [7.30071, 2.65829, 9.89312],
			"to": [8.69704, 4.29629, 14.03312],
			"rotation": {"angle": 0, "axis": "y", "origin": [7.63888, 3.96, 7.92294]},
			"faces": {
				"north": {"uv": [3.75, 6.75, 4, 7.25], "texture": "#5"},
				"east": {"uv": [3, 3.5, 4, 4], "texture": "#5"},
				"south": {"uv": [6.75, 4, 7, 4.5], "texture": "#5"},
				"west": {"uv": [3.75, 2.5, 4.75, 3], "texture": "#5"},
				"up": {"uv": [0.75, 7.25, 0.5, 6.25], "texture": "#5"},
				"down": {"uv": [1, 6.25, 0.75, 7.25], "texture": "#5"}
			}
		},
		{
			"from": [7.39071, -0.88241, 11.69648],
			"to": [8.60704, 1.19865, 13.40871],
			"rotation": {"angle": -22.5, "axis": "x", "origin": [7.63888, 3.96, 7.92294]},
			"faces": {
				"north": {"uv": [6.75, 5, 7, 5.5], "texture": "#5"},
				"east": {"uv": [1, 6.25, 1.5, 6.75], "texture": "#5"},
				"south": {"uv": [6.75, 5.5, 7, 6], "texture": "#5"},
				"west": {"uv": [3, 6.25, 3.5, 6.75], "texture": "#5"},
				"up": {"uv": [6, 7.25, 5.75, 6.75], "texture": "#5"},
				"down": {"uv": [6.25, 6.75, 6, 7.25], "texture": "#5"}
			}
		},
		{
			"from": [7.30071, -2.59561, 12.10887],
			"to": [8.69704, -1.51561, 13.9307],
			"rotation": {"angle": -22.5, "axis": "x", "origin": [7.63888, 3.96, 7.92294]},
			"faces": {
				"north": {"uv": [7.75, 3, 8, 3.25], "texture": "#5"},
				"east": {"uv": [6.75, 4.5, 7.25, 4.75], "texture": "#5"},
				"south": {"uv": [3.25, 7.75, 3.5, 8], "texture": "#5"},
				"west": {"uv": [6.75, 6, 7.25, 6.25], "texture": "#5"},
				"up": {"uv": [7, 6.75, 6.75, 6.25], "texture": "#5"},
				"down": {"uv": [7, 6.75, 6.75, 7.25], "texture": "#5"}
			}
		},
		{
			"from": [7.39296, -1.44238, 9.91213],
			"to": [8.60479, 0.27868, 10.38235],
			"rotation": {"angle": -45, "axis": "x", "origin": [7.63888, 3.96, 7.92294]},
			"faces": {
				"north": {"uv": [0, 7, 0.25, 7.5], "texture": "#5"},
				"east": {"uv": [0.25, 7, 0.5, 7.5], "texture": "#5"},
				"south": {"uv": [1, 7, 1.25, 7.5], "texture": "#5"},
				"west": {"uv": [1.25, 7, 1.5, 7.5], "texture": "#5"},
				"up": {"uv": [3.75, 8, 3.5, 7.75], "texture": "#5"},
				"down": {"uv": [4, 7.75, 3.75, 8], "texture": "#5"}
			}
		},
		{
			"from": [7.66071, 1.23629, 10.97312],
			"to": [8.33704, 1.59629, 12.23312],
			"rotation": {"angle": 0, "axis": "y", "origin": [7.63888, 3.96, 7.92294]},
			"faces": {
				"north": {"uv": [7.75, 4, 8, 4.25], "texture": "#5"},
				"east": {"uv": [7.75, 4.25, 8, 4.5], "texture": "#5"},
				"south": {"uv": [4.5, 7.75, 4.75, 8], "texture": "#5"},
				"west": {"uv": [7.75, 4.5, 8, 4.75], "texture": "#5"},
				"up": {"uv": [8, 5, 7.75, 4.75], "texture": "#5"},
				"down": {"uv": [5.25, 7.75, 5, 8], "texture": "#5"}
			}
		},
		{
			"from": [7.66071, -1.01371, 9.04475],
			"to": [8.33704, -0.65371, 9.94475],
			"rotation": {"angle": -45, "axis": "x", "origin": [7.63888, 3.96, 7.92294]},
			"faces": {
				"north": {"uv": [5.25, 7.75, 5.5, 8], "texture": "#5"},
				"east": {"uv": [5.5, 7.75, 5.75, 8], "texture": "#5"},
				"south": {"uv": [7.75, 5.5, 8, 5.75], "texture": "#5"},
				"west": {"uv": [5.75, 7.75, 6, 8], "texture": "#5"},
				"up": {"uv": [8, 6, 7.75, 5.75], "texture": "#5"},
				"down": {"uv": [6.25, 7.75, 6, 8], "texture": "#5"}
			}
		},
		{
			"from": [7.66071, 4.19085, 11.4657],
			"to": [8.33704, 4.55085, 12.0057],
			"rotation": {"angle": 45, "axis": "x", "origin": [7.63888, 3.96, 7.92294]},
			"faces": {
				"north": {"uv": [7.75, 6, 8, 6.25], "texture": "#5"},
				"east": {"uv": [6.25, 7.75, 6.5, 8], "texture": "#5"},
				"south": {"uv": [7.75, 6.25, 8, 6.5], "texture": "#5"},
				"west": {"uv": [6.5, 7.75, 6.75, 8], "texture": "#5"},
				"up": {"uv": [8, 6.75, 7.75, 6.5], "texture": "#5"},
				"down": {"uv": [7, 7.75, 6.75, 8], "texture": "#5"}
			}
		},
		{
			"from": [7.66071, 1.61813, 10.59128],
			"to": [8.33704, 2.73413, 10.95128],
			"rotation": {"angle": 0, "axis": "y", "origin": [7.63888, 3.96, 7.92294]},
			"faces": {
				"north": {"uv": [7.75, 6.75, 8, 7], "texture": "#5"},
				"east": {"uv": [7, 7.75, 7.25, 8], "texture": "#5"},
				"south": {"uv": [7.75, 7, 8, 7.25], "texture": "#5"},
				"west": {"uv": [7.25, 7.75, 7.5, 8], "texture": "#5"},
				"up": {"uv": [8, 7.5, 7.75, 7.25], "texture": "#5"},
				"down": {"uv": [7.75, 7.75, 7.5, 8], "texture": "#5"}
			}
		},
		{
			"from": [7.21071, 2.65829, 6.47312],
			"to": [8.78704, 6.18629, 9.98312],
			"rotation": {"angle": 0, "axis": "y", "origin": [7.63888, 3.96, 7.92294]},
			"faces": {
				"north": {"uv": [3, 4, 3.5, 5], "texture": "#5"},
				"east": {"uv": [0, 0, 1, 1], "texture": "#5"},
				"south": {"uv": [3.5, 4, 4, 5], "texture": "#5"},
				"west": {"uv": [0, 1, 1, 2], "texture": "#5"},
				"up": {"uv": [4.5, 4.5, 4, 3.5], "texture": "#5"},
				"down": {"uv": [5, 3, 4.5, 4], "texture": "#5"}
			}
		},
		{
			"from": [7.66521, 3.09764, 10.19616],
			"to": [8.33254, 4.21364, 11.18616],
			"rotation": {"angle": 22.5, "axis": "x", "origin": [7.63888, 3.96, 7.92294]},
			"faces": {
				"north": {"uv": [7.75, 7.5, 8, 7.75], "texture": "#5"},
				"east": {"uv": [7.75, 7.75, 8, 8], "texture": "#5"},
				"south": {"uv": [0, 8, 0.25, 8.25], "texture": "#5"},
				"west": {"uv": [8, 0, 8.25, 0.25], "texture": "#5"},
				"up": {"uv": [0.5, 8.25, 0.25, 8], "texture": "#5"},
				"down": {"uv": [8.25, 0.25, 8, 0.5], "texture": "#5"}
			}
		},
		{
			"from": [7.66071, 2.20294, 9.25263],
			"to": [8.33704, 3.31894, 10.24263],
			"rotation": {"angle": 0, "axis": "y", "origin": [7.63888, 3.96, 7.92294]},
			"faces": {
				"north": {"uv": [0.5, 8, 0.75, 8.25], "texture": "#5"},
				"east": {"uv": [8, 0.5, 8.25, 0.75], "texture": "#5"},
				"south": {"uv": [0.75, 8, 1, 8.25], "texture": "#5"},
				"west": {"uv": [8, 0.75, 8.25, 1], "texture": "#5"},
				"up": {"uv": [1.25, 8.25, 1, 8], "texture": "#5"},
				"down": {"uv": [8.25, 1, 8, 1.25], "texture": "#5"}
			}
		},
		{
			"from": [7.21296, 4.55201, 6.61371],
			"to": [8.78479, 5.47001, 7.15371],
			"rotation": {"angle": -45, "axis": "x", "origin": [7.63888, 3.96, 7.92294]},
			"faces": {
				"north": {"uv": [1.5, 7, 2, 7.25], "texture": "#5"},
				"east": {"uv": [1.25, 8, 1.5, 8.25], "texture": "#5"},
				"south": {"uv": [7, 1.5, 7.5, 1.75], "texture": "#5"},
				"west": {"uv": [8, 1.25, 8.25, 1.5], "texture": "#5"},
				"up": {"uv": [7.5, 2, 7, 1.75], "texture": "#5"},
				"down": {"uv": [2.5, 7, 2, 7.25], "texture": "#5"}
			}
		},
		{
			"from": [7.21071, 4.08029, 4.22312],
			"to": [8.78704, 6.18629, 6.47312],
			"rotation": {"angle": 0, "axis": "y", "origin": [7.63888, 3.96, 7.92294]},
			"faces": {
				"north": {"uv": [3.5, 6.25, 4, 6.75], "texture": "#5"},
				"east": {"uv": [6.25, 3.75, 6.75, 4.25], "texture": "#5"},
				"south": {"uv": [6.25, 4.25, 6.75, 4.75], "texture": "#5"},
				"west": {"uv": [6.25, 5, 6.75, 5.5], "texture": "#5"},
				"up": {"uv": [6.75, 6, 6.25, 5.5], "texture": "#5"},
				"down": {"uv": [6.25, 6.25, 5.75, 6.75], "texture": "#5"}
			}
		},
		{
			"from": [7.21296, 2.01437, 7.54821],
			"to": [8.78479, 2.39237, 7.81821],
			"rotation": {"angle": 45, "axis": "x", "origin": [7.63888, 3.96, 7.92294]},
			"faces": {
				"north": {"uv": [7, 2, 7.5, 2.25], "texture": "#5"},
				"east": {"uv": [1.5, 8, 1.75, 8.25], "texture": "#5"},
				"south": {"uv": [7, 2.25, 7.5, 2.5], "texture": "#5"},
				"west": {"uv": [8, 1.5, 8.25, 1.75], "texture": "#5"},
				"up": {"uv": [3, 7.25, 2.5, 7], "texture": "#5"},
				"down": {"uv": [7.5, 2.5, 7, 2.75], "texture": "#5"}
			}
		},
		{
			"from": [7.39071, 1.21829, 6.83312],
			"to": [8.60704, 2.94629, 8.90312],
			"rotation": {"angle": 0, "axis": "y", "origin": [7.63888, 3.96, 7.92294]},
			"faces": {
				"north": {"uv": [7, 2.75, 7.25, 3.25], "texture": "#5"},
				"east": {"uv": [6.25, 6, 6.75, 6.5], "texture": "#5"},
				"south": {"uv": [4, 7, 4.25, 7.5], "texture": "#5"},
				"west": {"uv": [6.5, 1.5, 7, 2], "texture": "#5"},
				"up": {"uv": [7.25, 4.5, 7, 4], "texture": "#5"},
				"down": {"uv": [4.5, 7, 4.25, 7.5], "texture": "#5"}
			}
		},
		{
			"from": [7.38846, -0.28591, 7.80772],
			"to": [8.60929, 1.80209, 9.87772],
			"rotation": {"angle": 22.5, "axis": "x", "origin": [7.63888, 3.96, 7.92294]},
			"faces": {
				"north": {"uv": [4.75, 7, 5, 7.5], "texture": "#5"},
				"east": {"uv": [4, 6.5, 4.5, 7], "texture": "#5"},
				"south": {"uv": [7, 4.75, 7.25, 5.25], "texture": "#5"},
				"west": {"uv": [6.25, 6.5, 6.75, 7], "texture": "#5"},
				"up": {"uv": [7.25, 5.75, 7, 5.25], "texture": "#5"},
				"down": {"uv": [6.5, 7, 6.25, 7.5], "texture": "#5"}
			}
		},
		{
			"from": [6.18598, 5.00305, -1.01856],
			"to": [6.87088, 5.32795, 4.32294],
			"rotation": {"angle": -45, "axis": "z", "origin": [7.63888, 3.96, 7.92294]},
			"faces": {
				"north": {"uv": [1.75, 8, 2, 8.25], "texture": "#5"},
				"east": {"uv": [4.5, 2, 5.75, 2.25], "texture": "#5"},
				"south": {"uv": [8, 1.75, 8.25, 2], "texture": "#5"},
				"west": {"uv": [4.5, 2.25, 5.75, 2.5], "texture": "#5"},
				"up": {"uv": [5.25, 3.75, 5, 2.5], "texture": "#5"},
				"down": {"uv": [3.25, 5, 3, 6.25], "texture": "#5"}
			}
		},
		{
			"from": [7.69481, 6.0498, -1.01406],
			"to": [8.30519, 6.39441, 4.32294],
			"rotation": {"angle": 0, "axis": "y", "origin": [7.64, 3.96, 7.92294]},
			"faces": {
				"north": {"uv": [2.25, 8, 2.5, 8.25], "texture": "#5"},
				"east": {"uv": [5, 4.25, 6.25, 4.5], "texture": "#5"},
				"south": {"uv": [8, 2.25, 8.25, 2.5], "texture": "#5"},
				"west": {"uv": [5, 4.5, 6.25, 4.75], "texture": "#5"},
				"up": {"uv": [4, 6.25, 3.75, 5], "texture": "#5"},
				"down": {"uv": [5.25, 4.75, 5, 6], "texture": "#5"}
			}
		},
		{
			"from": [8.91167, 5.15528, -1.01406],
			"to": [9.39902, 5.64263, 4.32294],
			"rotation": {"angle": 45, "axis": "z", "origin": [7.63888, 3.96, 7.92294]},
			"faces": {
				"north": {"uv": [2.75, 8, 3, 8.25], "texture": "#5"},
				"east": {"uv": [5.5, 0, 6.75, 0.25], "texture": "#5"},
				"south": {"uv": [8, 2.75, 8.25, 3], "texture": "#5"},
				"west": {"uv": [5.5, 0.25, 6.75, 0.5], "texture": "#5"},
				"up": {"uv": [1.75, 6.75, 1.5, 5.5], "texture": "#5"},
				"down": {"uv": [2, 5.5, 1.75, 6.75], "texture": "#5"}
			}
		},
		{
			"from": [7.34908, 5.7249, -1.01856],
			"to": [8.64867, 6.0498, 4.32294],
			"rotation": {"angle": 0, "axis": "y", "origin": [7.63888, 3.96, 7.92294]},
			"faces": {
				"north": {"uv": [3, 8, 3.25, 8.25], "texture": "#5"},
				"east": {"uv": [5.5, 0.5, 6.75, 0.75], "texture": "#5"},
				"south": {"uv": [8, 3, 8.25, 3.25], "texture": "#5"},
				"west": {"uv": [5.5, 0.75, 6.75, 1], "texture": "#5"},
				"up": {"uv": [2.25, 6.75, 2, 5.5], "texture": "#5"},
				"down": {"uv": [2.5, 5.5, 2.25, 6.75], "texture": "#5"}
			}
		},
		{
			"from": [6.87056, 4.75308, -1.01856],
			"to": [7.55546, 5.43798, 4.32294],
			"rotation": {"angle": -22.5, "axis": "z", "origin": [7.63888, 3.96, 7.92294]},
			"faces": {
				"north": {"uv": [3.75, 8, 4, 8.25], "texture": "#5"},
				"east": {"uv": [5.5, 3.5, 6.75, 3.75], "texture": "#5"},
				"south": {"uv": [8, 3.75, 8.25, 4], "texture": "#5"},
				"west": {"uv": [5.75, 2, 7, 2.25], "texture": "#5"},
				"up": {"uv": [0.5, 7, 0.25, 5.75], "texture": "#5"},
				"down": {"uv": [5, 5.75, 4.75, 7], "texture": "#5"}
			}
		},
		{
			"from": [7.65639, 4.37917, -1.01856],
			"to": [8.34129, 5.06407, 4.32294],
			"rotation": {"angle": 22.5, "axis": "z", "origin": [7.63888, 3.96, 7.92294]},
			"faces": {
				"north": {"uv": [4, 8, 4.25, 8.25], "texture": "#5"},
				"east": {"uv": [5.75, 2.25, 7, 2.5], "texture": "#5"},
				"south": {"uv": [8, 4, 8.25, 4.25], "texture": "#5"},
				"west": {"uv": [5.75, 4.75, 7, 5], "texture": "#5"},
				"up": {"uv": [6, 6.25, 5.75, 5], "texture": "#5"},
				"down": {"uv": [4.75, 6, 4.5, 7.25], "texture": "#5"}
			}
		},
		{
			"from": [7.49465, 4.35396, -1.01856],
			"to": [8.5031, 4.67886, 4.32294],
			"rotation": {"angle": 0, "axis": "y", "origin": [7.63888, 3.96, 7.92294]},
			"faces": {
				"north": {"uv": [4.25, 8, 4.5, 8.25], "texture": "#5"},
				"east": {"uv": [6, 1, 7.25, 1.25], "texture": "#5"},
				"south": {"uv": [8, 4.25, 8.25, 4.5], "texture": "#5"},
				"west": {"uv": [6, 1.25, 7.25, 1.5], "texture": "#5"},
				"up": {"uv": [5.25, 7.25, 5, 6], "texture": "#5"},
				"down": {"uv": [6.25, 5, 6, 6.25], "texture": "#5"}
			}
		},
		{
			"from": [7.49465, 2.68971, 3.70037],
			"to": [8.5031, 3.01461, 4.54187],
			"rotation": {"angle": 22.5, "axis": "x", "origin": [7.63888, 3.96, 7.92294]},
			"faces": {
				"north": {"uv": [4.5, 8, 4.75, 8.25], "texture": "#5"},
				"east": {"uv": [8, 4.5, 8.25, 4.75], "texture": "#5"},
				"south": {"uv": [4.75, 8, 5, 8.25], "texture": "#5"},
				"west": {"uv": [8, 4.75, 8.25, 5], "texture": "#5"},
				"up": {"uv": [5.25, 8.25, 5, 8], "texture": "#5"},
				"down": {"uv": [8.25, 5, 8, 5.25], "texture": "#5"}
			}
		},
		{
			"from": [7.70704, 4.79113, -1.58556],
			"to": [8.29071, 5.87113, -1.01406],
			"rotation": {"angle": 0, "axis": "y", "origin": [7.63888, 3.96, 7.92294]},
			"faces": {
				"north": {"uv": [5.25, 8, 5.5, 8.25], "texture": "#5"},
				"east": {"uv": [8, 5.25, 8.25, 5.5], "texture": "#5"},
				"south": {"uv": [5.5, 8, 5.75, 8.25], "texture": "#5"},
				"west": {"uv": [8, 5.5, 8.25, 5.75], "texture": "#5"},
				"up": {"uv": [6, 8.25, 5.75, 8], "texture": "#5"},
				"down": {"uv": [8.25, 5.75, 8, 6], "texture": "#5"}
			}
		},
		{
			"from": [9.05298, 4.86499, -4.40706],
			"to": [9.41298, 5.22499, -2.84556],
			"rotation": {"angle": 45, "axis": "z", "origin": [7.63888, 3.96, 7.92294]},
			"faces": {
				"north": {"uv": [6, 8, 6.25, 8.25], "texture": "#5"},
				"east": {"uv": [7, 3.25, 7.5, 3.5], "texture": "#5"},
				"south": {"uv": [8, 6, 8.25, 6.25], "texture": "#5"},
				"west": {"uv": [7, 5.75, 7.5, 6], "texture": "#5"},
				"up": {"uv": [7.25, 6.75, 7, 6.25], "texture": "#5"},
				"down": {"uv": [6.75, 7, 6.5, 7.5], "texture": "#5"}
			}
		},
		{
			"from": [8.17295, 3.98495, -2.84556],
			"to": [8.89295, 4.70495, -1.28406],
			"rotation": {"angle": 45, "axis": "z", "origin": [7.63888, 3.96, 7.92294]},
			"faces": {
				"north": {"uv": [6.25, 8, 6.5, 8.25], "texture": "#5"},
				"east": {"uv": [7, 6.75, 7.5, 7], "texture": "#5"},
				"south": {"uv": [8, 6.25, 8.25, 6.5], "texture": "#5"},
				"west": {"uv": [7, 7, 7.5, 7.25], "texture": "#5"},
				"up": {"uv": [7.5, 0.5, 7.25, 0], "texture": "#5"},
				"down": {"uv": [0.75, 7.25, 0.5, 7.75], "texture": "#5"}
			}
		},
		{
			"from": [7.60368, 4.9698, -2.71956],
			"to": [8.39407, 5.76441, -1.37406],
			"rotation": {"angle": 0, "axis": "y", "origin": [7.63888, 3.96, 7.92294]},
			"faces": {
				"north": {"uv": [6.5, 8, 6.75, 8.25], "texture": "#5"},
				"east": {"uv": [8, 6.5, 8.25, 6.75], "texture": "#5"},
				"south": {"uv": [6.75, 8, 7, 8.25], "texture": "#5"},
				"west": {"uv": [8, 6.75, 8.25, 7], "texture": "#5"},
				"up": {"uv": [7.25, 8.25, 7, 8], "texture": "#5"},
				"down": {"uv": [8.25, 7, 8, 7.25], "texture": "#5"}
			}
		},
		{
			"from": [8.97481, 4.78681, -1.58556],
			"to": [9.51481, 5.32681, -1.01406],
			"rotation": {"angle": 45, "axis": "z", "origin": [7.63888, 3.96, 7.92294]},
			"faces": {
				"north": {"uv": [7.25, 8, 7.5, 8.25], "texture": "#5"},
				"east": {"uv": [8, 7.25, 8.25, 7.5], "texture": "#5"},
				"south": {"uv": [7.5, 8, 7.75, 8.25], "texture": "#5"},
				"west": {"uv": [8, 7.5, 8.25, 7.75], "texture": "#5"},
				"up": {"uv": [8, 8.25, 7.75, 8], "texture": "#5"},
				"down": {"uv": [8.25, 7.75, 8, 8], "texture": "#5"}
			}
		},
		{
			"from": [8.21113, 4.02314, -1.58556],
			"to": [8.75113, 4.56314, -1.01406],
			"rotation": {"angle": 45, "axis": "z", "origin": [7.63888, 3.96, 7.92294]},
			"faces": {
				"north": {"uv": [8, 8, 8.25, 8.25], "texture": "#5"},
				"east": {"uv": [0, 8.25, 0.25, 8.5], "texture": "#5"},
				"south": {"uv": [8.25, 0, 8.5, 0.25], "texture": "#5"},
				"west": {"uv": [0.25, 8.25, 0.5, 8.5], "texture": "#5"},
				"up": {"uv": [8.5, 0.5, 8.25, 0.25], "texture": "#5"},
				"down": {"uv": [0.75, 8.25, 0.5, 8.5], "texture": "#5"}
			}
		},
		{
			"from": [8.24495, 4.05695, -5.12706],
			"to": [8.82095, 4.63295, -2.84556],
			"rotation": {"angle": 45, "axis": "z", "origin": [7.63888, 3.96, 7.92294]},
			"faces": {
				"north": {"uv": [8.25, 0.5, 8.5, 0.75], "texture": "#5"},
				"east": {"uv": [7.25, 0.5, 7.75, 0.75], "texture": "#5"},
				"south": {"uv": [0.75, 8.25, 1, 8.5], "texture": "#5"},
				"west": {"uv": [7.25, 0.75, 7.75, 1], "texture": "#5"},
				"up": {"uv": [1, 7.75, 0.75, 7.25], "texture": "#5"},
				"down": {"uv": [7.5, 1, 7.25, 1.5], "texture": "#5"}
			}
		},
		{
			"from": [8.28095, 4.09295, -7.04856],
			"to": [8.78495, 4.59695, -5.12706],
			"rotation": {"angle": 45, "axis": "z", "origin": [7.63888, 3.96, 7.92294]},
			"faces": {
				"north": {"uv": [8.25, 0.75, 8.5, 1], "texture": "#5"},
				"east": {"uv": [1.5, 7.25, 2, 7.5], "texture": "#5"},
				"south": {"uv": [1, 8.25, 1.25, 8.5], "texture": "#5"},
				"west": {"uv": [2, 7.25, 2.5, 7.5], "texture": "#5"},
				"up": {"uv": [2.75, 7.75, 2.5, 7.25], "texture": "#5"},
				"down": {"uv": [3, 7.25, 2.75, 7.75], "texture": "#5"}
			}
		},
		{
			"from": [7.39071, -1.30265, 9.28376],
			"to": [8.60704, 0.78535, 11.35376],
			"rotation": {"angle": 45, "axis": "x", "origin": [7.63888, 3.96, 7.92294]},
			"faces": {
				"north": {"uv": [7.25, 2.75, 7.5, 3.25], "texture": "#5"},
				"east": {"uv": [6.75, 0, 7.25, 0.5], "texture": "#5"},
				"south": {"uv": [3.25, 7.25, 3.5, 7.75], "texture": "#5"},
				"west": {"uv": [6.75, 0.5, 7.25, 1], "texture": "#5"},
				"up": {"uv": [3.75, 7.75, 3.5, 7.25], "texture": "#5"},
				"down": {"uv": [7.5, 3.5, 7.25, 4], "texture": "#5"}
			}
		},
		{
			"from": [8.87298, 4.68499, -2.84556],
			"to": [9.59298, 5.40499, -1.28406],
			"rotation": {"angle": 45, "axis": "z", "origin": [7.63888, 3.96, 7.92294]},
			"faces": {
				"north": {"uv": [8.25, 1, 8.5, 1.25], "texture": "#5"},
				"east": {"uv": [7.25, 4, 7.75, 4.25], "texture": "#5"},
				"south": {"uv": [1.25, 8.25, 1.5, 8.5], "texture": "#5"},
				"west": {"uv": [7.25, 4.25, 7.75, 4.5], "texture": "#5"},
				"up": {"uv": [4, 7.75, 3.75, 7.25], "texture": "#5"},
				"down": {"uv": [4.75, 7.25, 4.5, 7.75], "texture": "#5"}
			}
		},
		{
			"from": [7.72888, 13.86544, 0.3366],
			"to": [8.26888, 14.22544, 0.6966],
			"rotation": {"angle": -45, "axis": "x", "origin": [7.63888, 3.96, 7.92294]},
			"faces": {
				"north": {"uv": [8.25, 1.25, 8.5, 1.5], "texture": "#5"},
				"east": {"uv": [1.5, 8.25, 1.75, 8.5], "texture": "#5"},
				"south": {"uv": [8.25, 1.5, 8.5, 1.75], "texture": "#5"},
				"west": {"uv": [1.75, 8.25, 2, 8.5], "texture": "#5"},
				"up": {"uv": [8.5, 2, 8.25, 1.75], "texture": "#5"},
				"down": {"uv": [2.25, 8.25, 2, 8.5], "texture": "#5"}
			}
		},
		{
			"from": [8.1984, 4.01041, -8.60556],
			"to": [8.9184, 4.73041, -7.04406],
			"rotation": {"angle": 45, "axis": "z", "origin": [7.63888, 3.96, 7.92294]},
			"faces": {
				"north": {"uv": [8.25, 2, 8.5, 2.25], "texture": "#5"},
				"east": {"uv": [7.25, 4.5, 7.75, 4.75], "texture": "#5"},
				"south": {"uv": [2.25, 8.25, 2.5, 8.5], "texture": "#5"},
				"west": {"uv": [7.25, 4.75, 7.75, 5], "texture": "#5"},
				"up": {"uv": [5.25, 7.75, 5, 7.25], "texture": "#5"},
				"down": {"uv": [7.5, 5, 7.25, 5.5], "texture": "#5"}
			}
		},
		{
			"from": [7.81887, 4.90041, -7.81356],
			"to": [8.17888, 5.62041, -7.09356],
			"rotation": {"angle": 0, "axis": "y", "origin": [7.63888, 3.96, 7.92294]},
			"faces": {
				"north": {"uv": [8.25, 2.25, 8.5, 2.5], "texture": "#5"},
				"east": {"uv": [2.5, 8.25, 2.75, 8.5], "texture": "#5"},
				"south": {"uv": [8.25, 2.5, 8.5, 2.75], "texture": "#5"},
				"west": {"uv": [2.75, 8.25, 3, 8.5], "texture": "#5"},
				"up": {"uv": [8.5, 3, 8.25, 2.75], "texture": "#5"},
				"down": {"uv": [3.25, 8.25, 3, 8.5], "texture": "#5"}
			}
		},
		{
			"from": [7.81887, 5.62041, -7.81356],
			"to": [8.17888, 6.48441, -7.45356],
			"rotation": {"angle": 0, "axis": "y", "origin": [7.63888, 3.96, 7.92294]},
			"faces": {
				"north": {"uv": [8.25, 3, 8.5, 3.25], "texture": "#5"},
				"east": {"uv": [3.25, 8.25, 3.5, 8.5], "texture": "#5"},
				"south": {"uv": [8.25, 3.25, 8.5, 3.5], "texture": "#5"},
				"west": {"uv": [3.5, 8.25, 3.75, 8.5], "texture": "#5"},
				"up": {"uv": [8.5, 3.75, 8.25, 3.5], "texture": "#5"},
				"down": {"uv": [4, 8.25, 3.75, 8.5], "texture": "#5"}
			}
		},
		{
			"from": [7.81887, 11.24058, -5.67508],
			"to": [8.17888, 12.17658, -5.31508],
			"rotation": {"angle": -22.5, "axis": "x", "origin": [7.63888, 3.96, 7.92294]},
			"faces": {
				"north": {"uv": [8.25, 3.75, 8.5, 4], "texture": "#5"},
				"east": {"uv": [4, 8.25, 4.25, 8.5], "texture": "#5"},
				"south": {"uv": [8.25, 4, 8.5, 4.25], "texture": "#5"},
				"west": {"uv": [4.25, 8.25, 4.5, 8.5], "texture": "#5"},
				"up": {"uv": [8.5, 4.5, 8.25, 4.25], "texture": "#5"},
				"down": {"uv": [4.75, 8.25, 4.5, 8.5], "texture": "#5"}
			}
		},
		{
			"from": [7.30275, 7.38226, 15.24816],
			"to": [8.69725, 8.89726, 23.42216],
			"rotation": {"angle": 22.5, "axis": "x", "origin": [7.64, 3.96, 7.92294]},
			"faces": {
				"north": {"uv": [5.25, 7.25, 5.5, 7.75], "texture": "#5"},
				"east": {"uv": [1, 0, 3, 0.5], "texture": "#5"},
				"south": {"uv": [5.5, 7.25, 5.75, 7.75], "texture": "#5"},
				"west": {"uv": [1, 0.5, 3, 1], "texture": "#5"},
				"up": {"uv": [4.25, 6.5, 4, 4.5], "texture": "#5"},
				"down": {"uv": [4.75, 4, 4.5, 6], "texture": "#5"}
			}
		},
		{
			"from": [7.3175, 2.91287, 20.10668],
			"to": [8.6825, 4.07326, 23.95774],
			"rotation": {"angle": 0, "axis": "y", "origin": [7.632, 3.96, 7.92294]},
			"faces": {
				"north": {"uv": [8.25, 4.75, 8.5, 5], "texture": "#5"},
				"east": {"uv": [1, 6.75, 2, 7], "texture": "#5"},
				"south": {"uv": [5, 8.25, 5.25, 8.5], "texture": "#5"},
				"west": {"uv": [2, 6.75, 3, 7], "texture": "#5"},
				"up": {"uv": [7, 3.5, 6.75, 2.5], "texture": "#5"},
				"down": {"uv": [3.25, 6.75, 3, 7.75], "texture": "#5"}
			}
		},
		{
			"from": [7.284, 9.82201, 21.77402],
			"to": [8.71712, 11.7682, 22.79216],
			"rotation": {"angle": 22.5, "axis": "x", "origin": [7.66212, 3.96, 7.92294]},
			"faces": {
				"north": {"uv": [7, 7.25, 7.25, 7.75], "texture": "#5"},
				"east": {"uv": [7.25, 7.25, 7.5, 7.75], "texture": "#5"},
				"south": {"uv": [0, 7.5, 0.25, 8], "texture": "#5"},
				"west": {"uv": [7.5, 0, 7.75, 0.5], "texture": "#5"},
				"up": {"uv": [8.5, 5.25, 8.25, 5], "texture": "#5"},
				"down": {"uv": [5.5, 8.25, 5.25, 8.5], "texture": "#5"}
			}
		},
		{
			"from": [7.3005, 4.07326, 18.56374],
			"to": [8.6995, 5.87326, 23.70774],
			"rotation": {"angle": 0, "axis": "y", "origin": [7.64, 3.96, 7.92294]},
			"faces": {
				"north": {"uv": [0.25, 7.5, 0.5, 8], "texture": "#5"},
				"east": {"uv": [3, 3, 4.25, 3.5], "texture": "#5"},
				"south": {"uv": [1, 7.5, 1.25, 8], "texture": "#5"},
				"west": {"uv": [3.25, 2, 4.5, 2.5], "texture": "#5"},
				"up": {"uv": [5.5, 7.25, 5.25, 6], "texture": "#5"},
				"down": {"uv": [5.75, 6, 5.5, 7.25], "texture": "#5"}
			}
		},
		{
			"from": [7.3095, 8.02139, 15.43144],
			"to": [8.6905, 9.82139, 17.51044],
			"rotation": {"angle": 22.5, "axis": "x", "origin": [7.64, 3.96, 7.92294]},
			"faces": {
				"north": {"uv": [7.5, 1, 7.75, 1.5], "texture": "#5"},
				"east": {"uv": [3.25, 6.75, 3.75, 7.25], "texture": "#5"},
				"south": {"uv": [1.25, 7.5, 1.5, 8], "texture": "#5"},
				"west": {"uv": [6.75, 3.5, 7.25, 4], "texture": "#5"},
				"up": {"uv": [1.75, 8, 1.5, 7.5], "texture": "#5"},
				"down": {"uv": [7.75, 1.5, 7.5, 2], "texture": "#5"}
			}
		},
		{
			"from": [7.21296, 1.58279, 7.55926],
			"to": [8.78479, 2.51879, 8.45926],
			"rotation": {"angle": -45, "axis": "x", "origin": [7.63888, 3.96, 7.92294]},
			"faces": {
				"north": {"uv": [7.25, 5.5, 7.75, 5.75], "texture": "#5"},
				"east": {"uv": [8.25, 5.25, 8.5, 5.5], "texture": "#5"},
				"south": {"uv": [7.25, 6.5, 7.75, 6.75], "texture": "#5"},
				"west": {"uv": [5.5, 8.25, 5.75, 8.5], "texture": "#5"},
				"up": {"uv": [2.25, 7.75, 1.75, 7.5], "texture": "#5"},
				"down": {"uv": [8, 2, 7.5, 2.25], "texture": "#5"}
			}
		},
		{
			"from": [8.20071, 6.00629, 5.93312],
			"to": [8.47071, 7.01429, 7.82312],
			"rotation": {"angle": 0, "axis": "y", "origin": [7.63888, 3.96, 7.92294]},
			"faces": {
				"north": {"uv": [8.25, 5.5, 8.5, 5.75], "texture": "#5"},
				"east": {"uv": [7.5, 2.25, 8, 2.5], "texture": "#5"},
				"south": {"uv": [5.75, 8.25, 6, 8.5], "texture": "#5"},
				"west": {"uv": [7.5, 2.5, 8, 2.75], "texture": "#5"},
				"up": {"uv": [2.5, 8, 2.25, 7.5], "texture": "#5"},
				"down": {"uv": [7.75, 2.75, 7.5, 3.25], "texture": "#5"}
			}
		},
		{
			"from": [8.20071, 6.87872, 7.50564],
			"to": [8.47971, 7.52672, 8.67564],
			"rotation": {"angle": -45, "axis": "x", "origin": [7.63888, 3.96, 7.92294]},
			"faces": {
				"north": {"uv": [8.25, 5.75, 8.5, 6], "texture": "#5"},
				"east": {"uv": [6, 8.25, 6.25, 8.5], "texture": "#5"},
				"south": {"uv": [8.25, 6, 8.5, 6.25], "texture": "#5"},
				"west": {"uv": [6.25, 8.25, 6.5, 8.5], "texture": "#5"},
				"up": {"uv": [8.5, 6.5, 8.25, 6.25], "texture": "#5"},
				"down": {"uv": [6.75, 8.25, 6.5, 8.5], "texture": "#5"}
			}
		},
		{
			"from": [8.20071, 5.40112, 5.69265],
			"to": [8.47971, 6.04912, 6.86265],
			"rotation": {"angle": 45, "axis": "x", "origin": [7.63888, 3.96, 7.92294]},
			"faces": {
				"north": {"uv": [8.25, 6.5, 8.5, 6.75], "texture": "#5"},
				"east": {"uv": [6.75, 8.25, 7, 8.5], "texture": "#5"},
				"south": {"uv": [8.25, 6.75, 8.5, 7], "texture": "#5"},
				"west": {"uv": [7, 8.25, 7.25, 8.5], "texture": "#5"},
				"up": {"uv": [8.5, 7.25, 8.25, 7], "texture": "#5"},
				"down": {"uv": [7.5, 8.25, 7.25, 8.5], "texture": "#5"}
			}
		},
		{
			"from": [7.52254, 6.87872, 7.50564],
			"to": [7.79704, 7.52672, 8.67564],
			"rotation": {"angle": -45, "axis": "x", "origin": [7.63888, 3.96, 7.92294]},
			"faces": {
				"north": {"uv": [8.25, 7.25, 8.5, 7.5], "texture": "#5"},
				"east": {"uv": [7.5, 8.25, 7.75, 8.5], "texture": "#5"},
				"south": {"uv": [8.25, 7.5, 8.5, 7.75], "texture": "#5"},
				"west": {"uv": [7.75, 8.25, 8, 8.5], "texture": "#5"},
				"up": {"uv": [8.5, 8, 8.25, 7.75], "texture": "#5"},
				"down": {"uv": [8.25, 8.25, 8, 8.5], "texture": "#5"}
			}
		},
		{
			"from": [7.52704, 6.00629, 5.93312],
			"to": [7.79704, 7.01429, 7.82312],
			"rotation": {"angle": 0, "axis": "y", "origin": [7.63888, 3.96, 7.92294]},
			"faces": {
				"north": {"uv": [8.25, 8, 8.5, 8.25], "texture": "#5"},
				"east": {"uv": [7.5, 3.25, 8, 3.5], "texture": "#5"},
				"south": {"uv": [8.25, 8.25, 8.5, 8.5], "texture": "#5"},
				"west": {"uv": [7.5, 3.5, 8, 3.75], "texture": "#5"},
				"up": {"uv": [4.25, 8, 4, 7.5], "texture": "#5"},
				"down": {"uv": [4.5, 7.5, 4.25, 8], "texture": "#5"}
			}
		},
		{
			"from": [7.52254, 5.40112, 5.69265],
			"to": [7.79704, 6.04912, 6.86265],
			"rotation": {"angle": 45, "axis": "x", "origin": [7.63888, 3.96, 7.92294]},
			"faces": {
				"north": {"uv": [0, 8.5, 0.25, 8.75], "texture": "#5"},
				"east": {"uv": [8.5, 0, 8.75, 0.25], "texture": "#5"},
				"south": {"uv": [0.25, 8.5, 0.5, 8.75], "texture": "#5"},
				"west": {"uv": [8.5, 0.25, 8.75, 0.5], "texture": "#5"},
				"up": {"uv": [0.75, 8.75, 0.5, 8.5], "texture": "#5"},
				"down": {"uv": [8.75, 0.5, 8.5, 0.75], "texture": "#5"}
			}
		},
		{
			"from": [7.68388, 6.88829, 6.40112],
			"to": [8.31388, 7.17629, 8.29112],
			"rotation": {"angle": 0, "axis": "y", "origin": [7.63888, 3.96, 7.92294]},
			"faces": {
				"north": {"uv": [0.75, 8.5, 1, 8.75], "texture": "#5"},
				"east": {"uv": [7.5, 3.75, 8, 4], "texture": "#5"},
				"south": {"uv": [8.5, 0.75, 8.75, 1], "texture": "#5"},
				"west": {"uv": [7.5, 5, 8, 5.25], "texture": "#5"},
				"up": {"uv": [5, 8, 4.75, 7.5], "texture": "#5"},
				"down": {"uv": [7.75, 5.75, 7.5, 6.25], "texture": "#5"}
			}
		},
		{
			"from": [7.68388, 7.22584, 7.29778],
			"to": [8.31388, 7.51384, 7.74778],
			"rotation": {"angle": -22.5, "axis": "x", "origin": [7.63888, 3.96, 7.92294]},
			"faces": {
				"north": {"uv": [1, 8.5, 1.25, 8.75], "texture": "#5"},
				"east": {"uv": [8.5, 1, 8.75, 1.25], "texture": "#5"},
				"south": {"uv": [1.25, 8.5, 1.5, 8.75], "texture": "#5"},
				"west": {"uv": [8.5, 1.25, 8.75, 1.5], "texture": "#5"},
				"up": {"uv": [1.75, 8.75, 1.5, 8.5], "texture": "#5"},
				"down": {"uv": [8.75, 1.5, 8.5, 1.75], "texture": "#5"}
			}
		},
		{
			"from": [7.64788, 5.71936, 10.22482],
			"to": [8.34988, 6.07936, 10.58482],
			"rotation": {"angle": -45, "axis": "x", "origin": [7.63888, 3.96, 7.92294]},
			"faces": {
				"north": {"uv": [1.75, 8.5, 2, 8.75], "texture": "#5"},
				"east": {"uv": [8.5, 1.75, 8.75, 2], "texture": "#5"},
				"south": {"uv": [2, 8.5, 2.25, 8.75], "texture": "#5"},
				"west": {"uv": [8.5, 2, 8.75, 2.25], "texture": "#5"},
				"up": {"uv": [2.5, 8.75, 2.25, 8.5], "texture": "#5"},
				"down": {"uv": [8.75, 2.25, 8.5, 2.5], "texture": "#5"}
			}
		},
		{
			"from": [7.15638, 6.15151, -7.80906],
			"to": [7.33638, 6.74551, -7.44906],
			"rotation": {"angle": -22.5, "axis": "z", "origin": [7.63888, 3.96, 7.92294]},
			"faces": {
				"north": {"uv": [2.5, 8.5, 2.75, 8.75], "texture": "#5"},
				"east": {"uv": [8.5, 2.5, 8.75, 2.75], "texture": "#5"},
				"south": {"uv": [2.75, 8.5, 3, 8.75], "texture": "#5"},
				"west": {"uv": [8.5, 2.75, 8.75, 3], "texture": "#5"},
				"up": {"uv": [3.25, 8.75, 3, 8.5], "texture": "#5"},
				"down": {"uv": [8.75, 3, 8.5, 3.25], "texture": "#5"}
			}
		},
		{
			"from": [9.21463, 6.14355, -7.80906],
			"to": [9.39463, 6.64755, -7.44906],
			"rotation": {"angle": 22.5, "axis": "z", "origin": [7.63888, 3.96, 7.92294]},
			"faces": {
				"north": {"uv": [3.25, 8.5, 3.5, 8.75], "texture": "#5"},
				"east": {"uv": [8.5, 3.25, 8.75, 3.5], "texture": "#5"},
				"south": {"uv": [3.5, 8.5, 3.75, 8.75], "texture": "#5"},
				"west": {"uv": [8.5, 3.5, 8.75, 3.75], "texture": "#5"},
				"up": {"uv": [4, 8.75, 3.75, 8.5], "texture": "#5"},
				"down": {"uv": [8.75, 3.75, 8.5, 4], "texture": "#5"}
			}
		},
		{
			"from": [8.60656, 5.87598, -7.80906],
			"to": [8.78656, 6.46998, -7.44906],
			"rotation": {"angle": 22.5, "axis": "z", "origin": [7.63888, 3.96, 7.92294]},
			"faces": {
				"north": {"uv": [4, 8.5, 4.25, 8.75], "texture": "#5"},
				"east": {"uv": [8.5, 4, 8.75, 4.25], "texture": "#5"},
				"south": {"uv": [4.25, 8.5, 4.5, 8.75], "texture": "#5"},
				"west": {"uv": [8.5, 4.25, 8.75, 4.5], "texture": "#5"},
				"up": {"uv": [4.75, 8.75, 4.5, 8.5], "texture": "#5"},
				"down": {"uv": [8.75, 4.5, 8.5, 4.75], "texture": "#5"}
			}
		},
		{
			"from": [6.54831, 6.41908, -7.80906],
			"to": [6.72831, 6.92308, -7.44906],
			"rotation": {"angle": -22.5, "axis": "z", "origin": [7.63888, 3.96, 7.92294]},
			"faces": {
				"north": {"uv": [4.75, 8.5, 5, 8.75], "texture": "#5"},
				"east": {"uv": [8.5, 4.75, 8.75, 5], "texture": "#5"},
				"south": {"uv": [5, 8.5, 5.25, 8.75], "texture": "#5"},
				"west": {"uv": [8.5, 5, 8.75, 5.25], "texture": "#5"},
				"up": {"uv": [5.5, 8.75, 5.25, 8.5], "texture": "#5"},
				"down": {"uv": [8.75, 5.25, 8.5, 5.5], "texture": "#5"}
			}
		},
		{
			"from": [7.66071, 3.37694, 11.84183],
			"to": [8.33704, 4.49294, 12.20183],
			"rotation": {"angle": 22.5, "axis": "x", "origin": [7.63888, 3.96, 7.92294]},
			"faces": {
				"north": {"uv": [5.5, 8.5, 5.75, 8.75], "texture": "#5"},
				"east": {"uv": [8.5, 5.5, 8.75, 5.75], "texture": "#5"},
				"south": {"uv": [5.75, 8.5, 6, 8.75], "texture": "#5"},
				"west": {"uv": [8.5, 5.75, 8.75, 6], "texture": "#5"},
				"up": {"uv": [6.25, 8.75, 6, 8.5], "texture": "#5"},
				"down": {"uv": [8.75, 6, 8.5, 6.25], "texture": "#5"}
			}
		},
		{
			"from": [7.34571, -3.39788, 9.55613],
			"to": [8.65204, -1.95788, 11.37796],
			"rotation": {"angle": -45, "axis": "x", "origin": [7.63888, 3.96, 7.92294]},
			"faces": {
				"north": {"uv": [6.25, 8.5, 6.5, 8.75], "texture": "#5"},
				"east": {"uv": [7.5, 5.25, 8, 5.5], "texture": "#5"},
				"south": {"uv": [8.5, 6.25, 8.75, 6.5], "texture": "#5"},
				"west": {"uv": [6.25, 7.5, 6.75, 7.75], "texture": "#5"},
				"up": {"uv": [7.75, 7.25, 7.5, 6.75], "texture": "#5"},
				"down": {"uv": [7.75, 7.25, 7.5, 7.75], "texture": "#5"}
			}
		},
		{
			"from": [6.60098, 5.15528, -1.01406],
			"to": [7.08833, 5.64263, 4.32294],
			"rotation": {"angle": -45, "axis": "z", "origin": [8.36113, 3.96, 7.92294]},
			"faces": {
				"north": {"uv": [3, 8, 2.75, 8.25], "texture": "#5"},
				"east": {"uv": [6.75, 0.25, 5.5, 0.5], "texture": "#5"},
				"south": {"uv": [8.25, 2.75, 8, 3], "texture": "#5"},
				"west": {"uv": [6.75, 0, 5.5, 0.25], "texture": "#5"},
				"up": {"uv": [1.5, 6.75, 1.75, 5.5], "texture": "#5"},
				"down": {"uv": [1.75, 5.5, 2, 6.75], "texture": "#5"}
			}
		},
		{
			"from": [9.12912, 5.00305, -1.01856],
			"to": [9.81402, 5.32795, 4.32294],
			"rotation": {"angle": 45, "axis": "z", "origin": [8.36113, 3.96, 7.92294]},
			"faces": {
				"north": {"uv": [2, 8, 1.75, 8.25], "texture": "#5"},
				"east": {"uv": [5.75, 2.25, 4.5, 2.5], "texture": "#5"},
				"south": {"uv": [8.25, 1.75, 8, 2], "texture": "#5"},
				"west": {"uv": [5.75, 2, 4.5, 2.25], "texture": "#5"},
				"up": {"uv": [5, 3.75, 5.25, 2.5], "texture": "#5"},
				"down": {"uv": [3, 5, 3.25, 6.25], "texture": "#5"}
			}
		},
		{
			"from": [8.44454, 4.75308, -1.01856],
			"to": [9.12944, 5.43798, 4.32294],
			"rotation": {"angle": 22.5, "axis": "z", "origin": [8.36113, 3.96, 7.92294]},
			"faces": {
				"north": {"uv": [4, 8, 3.75, 8.25], "texture": "#5"},
				"east": {"uv": [7, 2, 5.75, 2.25], "texture": "#5"},
				"south": {"uv": [8.25, 3.75, 8, 4], "texture": "#5"},
				"west": {"uv": [6.75, 3.5, 5.5, 3.75], "texture": "#5"},
				"up": {"uv": [0.25, 7, 0.5, 5.75], "texture": "#5"},
				"down": {"uv": [4.75, 5.75, 5, 7], "texture": "#5"}
			}
		},
		{
			"from": [7.65871, 4.37917, -1.01856],
			"to": [8.34361, 5.06407, 4.32294],
			"rotation": {"angle": -22.5, "axis": "z", "origin": [8.36113, 3.96, 7.92294]},
			"faces": {
				"north": {"uv": [4.25, 8, 4, 8.25], "texture": "#5"},
				"east": {"uv": [7, 4.75, 5.75, 5], "texture": "#5"},
				"south": {"uv": [8.25, 4, 8, 4.25], "texture": "#5"},
				"west": {"uv": [7, 2.25, 5.75, 2.5], "texture": "#5"},
				"up": {"uv": [5.75, 6.25, 6, 5], "texture": "#5"},
				"down": {"uv": [4.5, 6, 4.75, 7.25], "texture": "#5"}
			}
		}
	],
	"display": {
		"thirdperson_righthand": {
			"translation": [0, 3.25, -2.25],
			"scale": [0.7, 0.7, 0.7]
		},
		"thirdperson_lefthand": {
			"translation": [0, 3.25, -2.25],
			"scale": [0.7, 0.7, 0.7]
		},
		"firstperson_righthand": {
			"rotation": [5.03, 1.06, 5.36],
			"translation": [-2.75, 5.5, -3]
		},
		"firstperson_lefthand": {
			"rotation": [5.03, 1.06, 5.36],
			"translation": [-2.75, 5.5, -3]
		},
		"ground": {
			"translation": [0, 3, 0],
			"scale": [0.55, 0.55, 0.55]
		},
		"gui": {
			"rotation": [-155, -45, 180],
			"translation": [0, 1.75, 0],
			"scale": [0.65, 0.65, 0.65]
		},
		"fixed": {
			"rotation": [0, 90, 0]
		}
	},
	"groups": [
		{
			"name": "group",
			"origin": [8.36113, 3.96, 7.92294],
			"color": 0,
			"children": [
				0,
				1,
				2,
				3,
				4,
				5,
				6,
				7,
				8,
				9,
				10,
				11,
				12,
				13,
				14,
				15,
				16,
				17,
				18,
				19,
				20,
				21,
				22,
				23,
				24,
				25,
				26,
				27,
				28,
				29,
				30,
				31,
				32,
				33,
				34,
				35,
				36,
				37,
				38,
				39,
				40,
				41,
				42,
				43,
				44,
				45,
				46,
				47,
				48,
				49,
				50,
				51,
				52,
				53,
				54,
				55,
				56,
				57,
				58,
				59,
				60,
				61,
				62,
				63,
				64,
				65,
				66,
				67,
				68,
				69,
				70,
				71,
				72
			]
		}
	]
}