{
	"credit": "Made with Blockbench",
	"texture_size": [32, 32],
	"textures": {
		"1": "texture"
	},
	"elements": [
		{
			"from": [6.98125, 2.58568, 13.74172],
			"to": [9.01875, 3.78997, 16.65139],
			"rotation": {"angle": 0, "axis": "y", "origin": [1.01875, 0.53997, 2.99172]},
			"faces": {
				"north": {"uv": [8.5, 11.5, 9.5, 12], "texture": "#1"},
				"east": {"uv": [8, 11, 9.5, 11.5], "texture": "#1"},
				"south": {"uv": [11.5, 8.5, 12.5, 9], "texture": "#1"},
				"west": {"uv": [11, 8, 12.5, 8.5], "texture": "#1"},
				"up": {"uv": [11, 1.5, 10, 0], "texture": "#1"},
				"down": {"uv": [2, 10, 1, 11.5], "texture": "#1"}
			}
		},
		{
			"from": [6.99375, 2.53313, 11.52761],
			"to": [9.00625, 4.09959, 12.13965],
			"rotation": {"angle": 22.5, "axis": "x", "origin": [1.00625, -8.78162, 14.52761]},
			"faces": {
				"north": {"uv": [11, 0.5, 12, 1.5], "texture": "#1"},
				"east": {"uv": [6, 12, 6.5, 13], "texture": "#1"},
				"south": {"uv": [11, 6, 12, 7], "texture": "#1"},
				"west": {"uv": [0, 12.5, 0.5, 13.5], "texture": "#1"},
				"up": {"uv": [1.5, 13, 0.5, 12.5], "texture": "#1"},
				"down": {"uv": [2.5, 12.5, 1.5, 13], "texture": "#1"}
			}
		},
		{
			"from": [6.975, 1.91009, 8.75364],
			"to": [9.025, 9.03626, 12.54948],
			"rotation": {"angle": -22.5, "axis": "x", "origin": [0.925, 14.78626, 9.54948]},
			"faces": {
				"north": {"uv": [2, 7, 3, 10.5], "texture": "#1"},
				"east": {"uv": [2, 0, 4, 3.5], "texture": "#1"},
				"south": {"uv": [3, 7, 4, 10.5], "texture": "#1"},
				"west": {"uv": [2, 3.5, 4, 7], "texture": "#1"},
				"up": {"uv": [8, 8, 7, 6], "texture": "#1"},
				"down": {"uv": [1, 8, 0, 10], "texture": "#1"}
			}
		},
		{
			"from": [7.5, 5.28095, 1.74157],
			"to": [8.5, 8.38095, 2.74157],
			"rotation": {"angle": -22.5, "axis": "x", "origin": [0.6, 20.78626, 2.54948]},
			"faces": {
				"north": {"uv": [11, 8.5, 11.5, 10], "texture": "#1"},
				"east": {"uv": [9.5, 11, 10, 12.5], "texture": "#1"},
				"south": {"uv": [10, 11, 10.5, 12.5], "texture": "#1"},
				"west": {"uv": [11, 10, 11.5, 11.5], "texture": "#1"},
				"up": {"uv": [1, 14, 0.5, 13.5], "texture": "#1"},
				"down": {"uv": [14, 0.5, 13.5, 1], "texture": "#1"}
			}
		},
		{
			"from": [7.5, 6.53095, 14.99157],
			"to": [8.5, 8.53095, 14.99157],
			"rotation": {"angle": 22.5, "axis": "x", "origin": [0.6, 21.03626, 14.79948]},
			"faces": {
				"north": {"uv": [8.5, 12.5, 9, 13.5], "texture": "#1"},
				"east": {"uv": [0, 0, 0, 1], "texture": "#1"},
				"south": {"uv": [9, 12.5, 9.5, 13.5], "texture": "#1"},
				"west": {"uv": [0, 0, 0, 1], "texture": "#1"},
				"up": {"uv": [0.5, 0, 0, 0], "texture": "#1"},
				"down": {"uv": [0.5, 0, 0, 0], "texture": "#1"}
			}
		},
		{
			"from": [7.4875, 6.15204, 7.7367],
			"to": [8.5125, 7.15204, 10.7367],
			"rotation": {"angle": 0, "axis": "y", "origin": [0.6125, 6.98715, 8.23135]},
			"faces": {
				"north": {"uv": [1, 13.5, 1.5, 14], "texture": "#1"},
				"east": {"uv": [1, 11.5, 2.5, 12], "texture": "#1"},
				"south": {"uv": [13.5, 1, 14, 1.5], "texture": "#1"},
				"west": {"uv": [2.5, 11.5, 4, 12], "texture": "#1"},
				"up": {"uv": [11, 12.5, 10.5, 11], "texture": "#1"},
				"down": {"uv": [8.5, 11.5, 8, 13], "texture": "#1"}
			}
		},
		{
			"from": [7.5, 6.27777, 10.37946],
			"to": [8.5, 7.27777, 12.37946],
			"rotation": {"angle": -22.5, "axis": "x", "origin": [0.6, 7.11288, 10.87411]},
			"faces": {
				"north": {"uv": [1.5, 13.5, 2, 14], "texture": "#1"},
				"east": {"uv": [2.5, 12.5, 3.5, 13], "texture": "#1"},
				"south": {"uv": [13.5, 1.5, 14, 2], "texture": "#1"},
				"west": {"uv": [7, 12.5, 8, 13], "texture": "#1"},
				"up": {"uv": [4, 13.5, 3.5, 12.5], "texture": "#1"},
				"down": {"uv": [13, 8, 12.5, 9], "texture": "#1"}
			}
		},
		{
			"from": [6.9, 8.96245, 11.24676],
			"to": [9.1, 11.14156, 15.36304],
			"rotation": {"angle": 0, "axis": "y", "origin": [1, 22.39156, 12.36304]},
			"faces": {
				"north": {"uv": [7, 10, 8, 11], "texture": "#1"},
				"east": {"uv": [8, 0, 10, 1], "texture": "#1"},
				"south": {"uv": [8, 10, 9, 11], "texture": "#1"},
				"west": {"uv": [8, 1, 10, 2], "texture": "#1"},
				"up": {"uv": [2, 10, 1, 8], "texture": "#1"},
				"down": {"uv": [9, 6, 8, 8], "texture": "#1"}
			}
		},
		{
			"from": [6.95, 10.61245, 15.36304],
			"to": [9.05, 11.14156, 16.47932],
			"rotation": {"angle": 0, "axis": "y", "origin": [1.05, 22.39156, 16.47932]},
			"faces": {
				"north": {"uv": [3, 12, 4, 12.5], "texture": "#1"},
				"east": {"uv": [9.5, 12.5, 10, 13], "texture": "#1"},
				"south": {"uv": [12, 6, 13, 6.5], "texture": "#1"},
				"west": {"uv": [10, 12.5, 10.5, 13], "texture": "#1"},
				"up": {"uv": [13, 7, 12, 6.5], "texture": "#1"},
				"down": {"uv": [8, 12, 7, 12.5], "texture": "#1"}
			}
		},
		{
			"from": [6.9, 8.96245, 3.11421],
			"to": [9.1, 11.14156, 11.24676],
			"rotation": {"angle": 0, "axis": "y", "origin": [1, 22.39156, 8.24676]},
			"faces": {
				"north": {"uv": [10, 9, 11, 10], "texture": "#1"},
				"east": {"uv": [4, 0, 8, 1], "texture": "#1"},
				"south": {"uv": [10, 10, 11, 11], "texture": "#1"},
				"west": {"uv": [4, 1, 8, 2], "texture": "#1"},
				"up": {"uv": [5, 6, 4, 2], "texture": "#1"},
				"down": {"uv": [6, 2, 5, 6], "texture": "#1"}
			}
		},
		{
			"from": [6.8531, 10.23278, -0.99829],
			"to": [9.1469, 11.16189, 3.13049],
			"rotation": {"angle": 0, "axis": "y", "origin": [15.0469, 24.06189, 2.13049]},
			"faces": {
				"north": {"uv": [12, 11.5, 13, 12], "texture": "#1"},
				"east": {"uv": [10, 1.5, 12, 2], "texture": "#1"},
				"south": {"uv": [12, 12, 13, 12.5], "texture": "#1"},
				"west": {"uv": [11, 0, 13, 0.5], "texture": "#1"},
				"up": {"uv": [8, 10, 7, 8], "texture": "#1"},
				"down": {"uv": [9, 8, 8, 10], "texture": "#1"}
			}
		},
		{
			"from": [-0.94991, 18.6309, -0.97329],
			"to": [0.67204, 20.25285, 3.13049],
			"rotation": {"angle": 45, "axis": "z", "origin": [15.0469, 24.66189, 2.13049]},
			"faces": {
				"north": {"uv": [7, 11, 8, 12], "texture": "#1"},
				"east": {"uv": [9, 6, 11, 7], "texture": "#1"},
				"south": {"uv": [11, 7, 12, 8], "texture": "#1"},
				"west": {"uv": [9, 7, 11, 8], "texture": "#1"},
				"up": {"uv": [10, 10, 9, 8], "texture": "#1"},
				"down": {"uv": [1, 10, 0, 12], "texture": "#1"}
			}
		},
		{
			"from": [6.85, 11.14156, -1.02824],
			"to": [9.15, 12.32067, 15.36304],
			"rotation": {"angle": 0, "axis": "y", "origin": [0.95, 24.57067, 8.11304]},
			"faces": {
				"north": {"uv": [12, 1.5, 13, 2], "texture": "#1"},
				"east": {"uv": [6, 2, 14, 2.5], "texture": "#1"},
				"south": {"uv": [2, 12, 3, 12.5], "texture": "#1"},
				"west": {"uv": [6, 2.5, 14, 3], "texture": "#1"},
				"up": {"uv": [1, 8, 0, 0], "texture": "#1"},
				"down": {"uv": [2, 0, 1, 8], "texture": "#1"}
			}
		},
		{
			"from": [6.99375, 23.05934, 16.33506],
			"to": [9.00625, 23.92562, 17.51417],
			"rotation": {"angle": -45, "axis": "x", "origin": [0.45625, 15.80934, 29.76417]},
			"faces": {
				"north": {"uv": [12, 7, 13, 7.5], "texture": "#1"},
				"east": {"uv": [12, 12.5, 12.5, 13], "texture": "#1"},
				"south": {"uv": [12, 7.5, 13, 8], "texture": "#1"},
				"west": {"uv": [12.5, 12.5, 13, 13], "texture": "#1"},
				"up": {"uv": [9.5, 12.5, 8.5, 12], "texture": "#1"},
				"down": {"uv": [13, 9, 12, 9.5], "texture": "#1"}
			}
		},
		{
			"from": [7, 16.21322, 16.96997],
			"to": [9, 17.5795, 18.14908],
			"rotation": {"angle": -22.5, "axis": "x", "origin": [0.45, 9.46322, 30.39908]},
			"faces": {
				"north": {"uv": [12, 9.5, 13, 10], "texture": "#1"},
				"east": {"uv": [13, 0, 13.5, 0.5], "texture": "#1"},
				"south": {"uv": [12, 10, 13, 10.5], "texture": "#1"},
				"west": {"uv": [0.5, 13, 1, 13.5], "texture": "#1"},
				"up": {"uv": [13, 11, 12, 10.5], "texture": "#1"},
				"down": {"uv": [12, 12, 11, 12.5], "texture": "#1"}
			}
		},
		{
			"from": [-4.21378, 14.1019, -1.00324],
			"to": [-3.41378, 14.53101, 15.36304],
			"rotation": {"angle": 45, "axis": "z", "origin": [3.98622, 26.78101, 8.11304]},
			"faces": {
				"north": {"uv": [10.5, 12.5, 11, 13], "texture": "#1"},
				"east": {"uv": [6, 3, 14, 3.5], "texture": "#1"},
				"south": {"uv": [11, 12.5, 11.5, 13], "texture": "#1"},
				"west": {"uv": [6, 3.5, 14, 4], "texture": "#1"},
				"up": {"uv": [4.5, 14, 4, 6], "texture": "#1"},
				"down": {"uv": [6.5, 4, 6, 12], "texture": "#1"}
			}
		},
		{
			"from": [19.41378, 14.1019, -1.00324],
			"to": [20.21378, 14.53101, 15.36304],
			"rotation": {"angle": -45, "axis": "z", "origin": [12.01378, 26.78101, 8.11304]},
			"faces": {
				"north": {"uv": [2, 13.5, 2.5, 14], "texture": "#1"},
				"east": {"uv": [6.5, 5, 14.5, 5.5], "texture": "#1"},
				"south": {"uv": [2.5, 13.5, 3, 14], "texture": "#1"},
				"west": {"uv": [6.5, 5.5, 14.5, 6], "texture": "#1"},
				"up": {"uv": [6, 14, 5.5, 6], "texture": "#1"},
				"down": {"uv": [7, 6, 6.5, 14], "texture": "#1"}
			}
		},
		{
			"from": [0.72153, 3.06245, -1.65324],
			"to": [1.52153, 3.86245, -1.00324],
			"rotation": {"angle": 45, "axis": "z", "origin": [-5.42847, 15.99156, -5.50324]},
			"faces": {
				"north": {"uv": [13, 12, 13.5, 12.5], "texture": "#1"},
				"east": {"uv": [12.5, 13, 13, 13.5], "texture": "#1"},
				"south": {"uv": [13, 12.5, 13.5, 13], "texture": "#1"},
				"west": {"uv": [13, 13, 13.5, 13.5], "texture": "#1"},
				"up": {"uv": [0.5, 14, 0, 13.5], "texture": "#1"},
				"down": {"uv": [14, 0, 13.5, 0.5], "texture": "#1"}
			}
		},
		{
			"from": [7.41569, 12.32067, -1.00324],
			"to": [8.58431, 12.88636, 15.36304],
			"rotation": {"angle": 0, "axis": "y", "origin": [15.61569, 25.13636, 8.11304]},
			"faces": {
				"north": {"uv": [12.5, 11, 13, 11.5], "texture": "#1"},
				"east": {"uv": [6.5, 4, 14.5, 4.5], "texture": "#1"},
				"south": {"uv": [11.5, 12.5, 12, 13], "texture": "#1"},
				"west": {"uv": [6.5, 4.5, 14.5, 5], "texture": "#1"},
				"up": {"uv": [5, 14, 4.5, 6], "texture": "#1"},
				"down": {"uv": [5.5, 6, 5, 14], "texture": "#1"}
			}
		},
		{
			"from": [7.79069, 12.07067, -10.75324],
			"to": [8.20931, 13.13636, -9.63696],
			"rotation": {"angle": -45, "axis": "x", "origin": [15.24069, 25.38636, -4.88696]},
			"faces": {
				"north": {"uv": [13, 0.5, 13.5, 1], "texture": "#1"},
				"east": {"uv": [1, 13, 1.5, 13.5], "texture": "#1"},
				"south": {"uv": [13, 1, 13.5, 1.5], "texture": "#1"},
				"west": {"uv": [1.5, 13, 2, 13.5], "texture": "#1"},
				"up": {"uv": [13.5, 2, 13, 1.5], "texture": "#1"},
				"down": {"uv": [2.5, 13, 2, 13.5], "texture": "#1"}
			}
		},
		{
			"from": [8.16569, 12.07067, 3.24676],
			"to": [8.58431, 13.13636, 3.86304],
			"rotation": {"angle": -45, "axis": "x", "origin": [15.61569, 25.38636, 8.61304]},
			"faces": {
				"north": {"uv": [2.5, 13, 3, 13.5], "texture": "#1"},
				"east": {"uv": [3, 13, 3.5, 13.5], "texture": "#1"},
				"south": {"uv": [6, 13, 6.5, 13.5], "texture": "#1"},
				"west": {"uv": [13, 6, 13.5, 6.5], "texture": "#1"},
				"up": {"uv": [13.5, 7, 13, 6.5], "texture": "#1"},
				"down": {"uv": [7.5, 13, 7, 13.5], "texture": "#1"}
			}
		},
		{
			"from": [7.41569, 12.07067, 3.24676],
			"to": [7.83431, 13.13636, 3.86304],
			"rotation": {"angle": -45, "axis": "x", "origin": [14.86569, 25.38636, 8.61304]},
			"faces": {
				"north": {"uv": [13, 10.5, 13.5, 11], "texture": "#1"},
				"east": {"uv": [11, 13, 11.5, 13.5], "texture": "#1"},
				"south": {"uv": [13, 11, 13.5, 11.5], "texture": "#1"},
				"west": {"uv": [11.5, 13, 12, 13.5], "texture": "#1"},
				"up": {"uv": [13.5, 12, 13, 11.5], "texture": "#1"},
				"down": {"uv": [12.5, 13, 12, 13.5], "texture": "#1"}
			}
		},
		{
			"from": [8.16569, 7.542, 11.74651],
			"to": [8.58431, 7.90828, 13.11219],
			"rotation": {"angle": -22.5, "axis": "x", "origin": [15.61569, 12.65828, -0.20349]},
			"faces": {
				"north": {"uv": [13, 7, 13.5, 7.5], "texture": "#1"},
				"east": {"uv": [7.5, 13, 8, 13.5], "texture": "#1"},
				"south": {"uv": [13, 7.5, 13.5, 8], "texture": "#1"},
				"west": {"uv": [8, 13, 8.5, 13.5], "texture": "#1"},
				"up": {"uv": [13.5, 8.5, 13, 8], "texture": "#1"},
				"down": {"uv": [13.5, 8.5, 13, 9], "texture": "#1"}
			}
		},
		{
			"from": [7.41569, 7.542, 11.74651],
			"to": [7.83431, 7.90828, 13.11219],
			"rotation": {"angle": -22.5, "axis": "x", "origin": [14.86569, 12.65828, -0.20349]},
			"faces": {
				"north": {"uv": [13, 9, 13.5, 9.5], "texture": "#1"},
				"east": {"uv": [9.5, 13, 10, 13.5], "texture": "#1"},
				"south": {"uv": [13, 9.5, 13.5, 10], "texture": "#1"},
				"west": {"uv": [10, 13, 10.5, 13.5], "texture": "#1"},
				"up": {"uv": [13.5, 10.5, 13, 10], "texture": "#1"},
				"down": {"uv": [11, 13, 10.5, 13.5], "texture": "#1"}
			}
		},
		{
			"from": [6.99062, 7.02627, 24.85086],
			"to": [9.00937, 8.64303, 26.21434],
			"rotation": {"angle": 45, "axis": "x", "origin": [0.92188, 21.09303, 23.12586]},
			"faces": {
				"north": {"uv": [10, 8, 11, 9], "texture": "#1"},
				"east": {"uv": [11.5, 9, 12, 10], "texture": "#1"},
				"south": {"uv": [9, 10, 10, 11], "texture": "#1"},
				"west": {"uv": [11.5, 10, 12, 11], "texture": "#1"},
				"up": {"uv": [12, 12, 11, 11.5], "texture": "#1"},
				"down": {"uv": [12.5, 11, 11.5, 11.5], "texture": "#1"}
			}
		},
		{
			"from": [6.90625, 14.86854, 13.01841],
			"to": [9.09375, 15.86854, 14.74341],
			"rotation": {"angle": -22.5, "axis": "x", "origin": [1.00625, 17.86854, 27.49341]},
			"faces": {
				"north": {"uv": [0, 12, 1, 12.5], "texture": "#1"},
				"east": {"uv": [12, 0.5, 13, 1], "texture": "#1"},
				"south": {"uv": [1, 12, 2, 12.5], "texture": "#1"},
				"west": {"uv": [12, 1, 13, 1.5], "texture": "#1"},
				"up": {"uv": [3, 11.5, 2, 10.5], "texture": "#1"},
				"down": {"uv": [4, 10.5, 3, 11.5], "texture": "#1"}
			}
		}
	],
	"gui_light": "front",
	"display": {
		"thirdperson_righthand": {
			"translation": [0, 0, -0.75],
			"scale": [0.5, 0.5, 0.5]
		},
		"thirdperson_lefthand": {
			"translation": [0, 0, -0.75],
			"scale": [0.5, 0.5, 0.5]
		},
		"firstperson_righthand": {
			"rotation": [8.17, -3.64, 7.16],
			"translation": [5.5, -3, -15.5],
			"scale": [1.2, 1.2, 1.2]
		},
		"firstperson_lefthand": {
			"rotation": [8.17, -3.64, 7.16],
			"translation": [5.5, -3, -15.5],
			"scale": [1.2, 1.2, 1.2]
		},
		"ground": {
			"translation": [0, 3.75, 0],
			"scale": [0.5, 0.5, 0.5]
		},
		"gui": {
			"rotation": [-155, -45, 180],
			"translation": [0.25, -1, 0]
		},
		"fixed": {
			"rotation": [0, 90, 0]
		}
	}
}