{
	"credit": "Made with Blockbench",
	"texture_size": [32, 32],
	"textures": {
		"2": "texture"
	},
	"elements": [
		{
			"from": [7.2355, 1.69605, 14.15997],
			"to": [8.7645, 4.0407, 18.07075],
			"rotation": {"angle": 22.5, "axis": "x", "origin": [3.4495, 1.33205, 18.52997]},
			"faces": {
				"north": {"uv": [11, 3, 12, 4], "texture": "#2"},
				"east": {"uv": [6.5, 3.5, 8.5, 4.5], "texture": "#2"},
				"south": {"uv": [3.5, 11, 4.5, 12], "texture": "#2"},
				"west": {"uv": [3, 7.5, 5, 8.5], "texture": "#2"},
				"up": {"uv": [6, 9.5, 5, 7.5], "texture": "#2"},
				"down": {"uv": [8.5, 6.5, 7.5, 8.5], "texture": "#2"}
			}
		},
		{
			"from": [7.2, 3.81684, 12.96918],
			"to": [8.8, 5.50684, 15.52918],
			"rotation": {"angle": 0, "axis": "y", "origin": [2.56, 4.06684, 18.08918]},
			"faces": {
				"north": {"uv": [11, 4, 12, 5], "texture": "#2"},
				"east": {"uv": [8.5, 7, 10, 8], "texture": "#2"},
				"south": {"uv": [4.5, 11, 5.5, 12], "texture": "#2"},
				"west": {"uv": [8, 8.5, 9.5, 9.5], "texture": "#2"},
				"up": {"uv": [4, 11, 3, 9.5], "texture": "#2"},
				"down": {"uv": [10.5, 3, 9.5, 4.5], "texture": "#2"}
			}
		},
		{
			"from": [7.2, 3.81684, 8.48918],
			"to": [8.8, 5.50684, 12.96918],
			"rotation": {"angle": 0, "axis": "y", "origin": [2.56, 4.06684, 15.52918]},
			"faces": {
				"north": {"uv": [11, 5, 12, 6], "texture": "#2"},
				"east": {"uv": [8, 2, 10, 3], "texture": "#2"},
				"south": {"uv": [11, 6, 12, 7], "texture": "#2"},
				"west": {"uv": [3, 8.5, 5, 9.5], "texture": "#2"},
				"up": {"uv": [7, 10, 6, 8], "texture": "#2"},
				"down": {"uv": [9.5, 3, 8.5, 5], "texture": "#2"}
			}
		},
		{
			"from": [7.5, 2.06684, 8.98918],
			"to": [8.5, 3.00684, 8.98918],
			"rotation": {"angle": 0, "axis": "y", "origin": [2.86, 1.56684, 16.02918]},
			"faces": {
				"north": {"uv": [12, 6.5, 12.5, 7], "texture": "#2"},
				"east": {"uv": [0, 0, 0, 0.5], "texture": "#2"},
				"south": {"uv": [10.5, 12, 11, 12.5], "texture": "#2"},
				"west": {"uv": [0, 0, 0, 0.5], "texture": "#2"},
				"up": {"uv": [0.5, 0, 0, 0], "texture": "#2"},
				"down": {"uv": [0.5, 0, 0, 0], "texture": "#2"}
			}
		},
		{
			"from": [7.5, 1.1974, 9.3499],
			"to": [8.5, 1.1974, 12.0399],
			"rotation": {"angle": 0, "axis": "y", "origin": [2.86, 8.2374, 10.2899]},
			"faces": {
				"north": {"uv": [0, 0, 0.5, 0], "texture": "#2"},
				"east": {"uv": [0, 0, 1.5, 0], "texture": "#2"},
				"south": {"uv": [0, 0, 0.5, 0], "texture": "#2"},
				"west": {"uv": [0, 0, 1.5, 0], "texture": "#2"},
				"up": {"uv": [9, 12.5, 8.5, 11], "texture": "#2"},
				"down": {"uv": [9.5, 11, 9, 12.5], "texture": "#2"}
			}
		},
		{
			"from": [7.5, 3.89211, 8.81309],
			"to": [8.5, 4.83211, 8.81309],
			"rotation": {"angle": -22.5, "axis": "x", "origin": [2.86, 3.89211, 15.85309]},
			"faces": {
				"north": {"uv": [11, 12, 11.5, 12.5], "texture": "#2"},
				"east": {"uv": [0, 0, 0, 0.5], "texture": "#2"},
				"south": {"uv": [11.5, 12, 12, 12.5], "texture": "#2"},
				"west": {"uv": [0, 0, 0, 0.5], "texture": "#2"},
				"up": {"uv": [0.5, 0, 0, 0], "texture": "#2"},
				"down": {"uv": [0.5, 0, 0, 0], "texture": "#2"}
			}
		},
		{
			"from": [7.5, 0.15396, 6.64081],
			"to": [8.5, 0.15396, 10.33081],
			"rotation": {"angle": -45, "axis": "x", "origin": [2.86, 7.19396, 8.08081]},
			"faces": {
				"north": {"uv": [0, 0, 0.5, 0], "texture": "#2"},
				"east": {"uv": [0, 0, 2, 0], "texture": "#2"},
				"south": {"uv": [0, 0, 0.5, 0], "texture": "#2"},
				"west": {"uv": [0, 0, 2, 0], "texture": "#2"},
				"up": {"uv": [6, 13, 5.5, 11], "texture": "#2"},
				"down": {"uv": [8.5, 11, 8, 13], "texture": "#2"}
			}
		},
		{
			"from": [7.5, 4.25396, 11.62081],
			"to": [8.5, 7.44396, 12.12081],
			"rotation": {"angle": 22.5, "axis": "x", "origin": [2.86, 5.19396, 4.58081]},
			"faces": {
				"north": {"uv": [9.5, 11, 10, 12.5], "texture": "#2"},
				"east": {"uv": [11, 10, 11.5, 11.5], "texture": "#2"},
				"south": {"uv": [0, 11.5, 0.5, 13], "texture": "#2"},
				"west": {"uv": [0.5, 11.5, 1, 13], "texture": "#2"},
				"up": {"uv": [12.5, 12, 12, 11.5], "texture": "#2"},
				"down": {"uv": [12.5, 12, 12, 12.5], "texture": "#2"}
			}
		},
		{
			"from": [7.28, 0.99546, 18.55531],
			"to": [8.72, 3.53546, 20.95531],
			"rotation": {"angle": -22.5, "axis": "x", "origin": [3.18, -0.78454, 18.85531]},
			"faces": {
				"north": {"uv": [1, 11.5, 1.5, 13], "texture": "#2"},
				"east": {"uv": [4, 9.5, 5, 11], "texture": "#2"},
				"south": {"uv": [1.5, 11.5, 2, 13], "texture": "#2"},
				"west": {"uv": [9.5, 4.5, 10.5, 6], "texture": "#2"},
				"up": {"uv": [10, 7, 9.5, 6], "texture": "#2"},
				"down": {"uv": [6.5, 11.5, 6, 12.5], "texture": "#2"}
			}
		},
		{
			"from": [7.07, 0.69333, 22.06261],
			"to": [8.93, 1.97333, 27.34261],
			"rotation": {"angle": 22.5, "axis": "x", "origin": [3.13, 0.69333, 24.14261]},
			"faces": {
				"north": {"uv": [8.5, 8, 9.5, 8.5], "texture": "#2"},
				"east": {"uv": [10.5, 8.5, 13, 9], "texture": "#2"},
				"south": {"uv": [11.5, 10, 12.5, 10.5], "texture": "#2"},
				"west": {"uv": [10.5, 9, 13, 9.5], "texture": "#2"},
				"up": {"uv": [4, 7.5, 3, 5], "texture": "#2"},
				"down": {"uv": [5, 5, 4, 7.5], "texture": "#2"}
			}
		},
		{
			"from": [7.19875, 1.33333, 19.02261],
			"to": [8.80125, 2.61333, 22.86261],
			"rotation": {"angle": 0, "axis": "y", "origin": [3.08625, 1.33333, 24.14261]},
			"faces": {
				"north": {"uv": [11.5, 10.5, 12.5, 11], "texture": "#2"},
				"east": {"uv": [11, 7, 13, 7.5], "texture": "#2"},
				"south": {"uv": [11, 11.5, 12, 12], "texture": "#2"},
				"west": {"uv": [11, 9.5, 13, 10], "texture": "#2"},
				"up": {"uv": [9.5, 7, 8.5, 5], "texture": "#2"},
				"down": {"uv": [8, 8.5, 7, 10.5], "texture": "#2"}
			}
		},
		{
			"from": [7.318, 2.60795, 26.69591],
			"to": [8.73, 3.88795, 28.61591],
			"rotation": {"angle": -22.5, "axis": "x", "origin": [3.154, 0.68795, 24.77591]},
			"faces": {
				"north": {"uv": [12.5, 1, 13, 1.5], "texture": "#2"},
				"east": {"uv": [11.5, 11, 12.5, 11.5], "texture": "#2"},
				"south": {"uv": [12.5, 1.5, 13, 2], "texture": "#2"},
				"west": {"uv": [12, 3, 13, 3.5], "texture": "#2"},
				"up": {"uv": [7, 12.5, 6.5, 11.5], "texture": "#2"},
				"down": {"uv": [4, 12, 3.5, 13], "texture": "#2"}
			}
		},
		{
			"from": [7.23, 1.75387, 22.55502],
			"to": [8.77, 5.11387, 27.09902],
			"rotation": {"angle": 0, "axis": "y", "origin": [3.13, 1.11387, 27.73902]},
			"faces": {
				"north": {"uv": [5, 9.5, 6, 11], "texture": "#2"},
				"east": {"uv": [3, 2, 5.5, 3.5], "texture": "#2"},
				"south": {"uv": [8, 9.5, 9, 11], "texture": "#2"},
				"west": {"uv": [3, 3.5, 5.5, 5], "texture": "#2"},
				"up": {"uv": [6, 7.5, 5, 5], "texture": "#2"},
				"down": {"uv": [6.5, 2, 5.5, 4.5], "texture": "#2"}
			}
		},
		{
			"from": [7.198, 0.65131, 24.38886],
			"to": [8.802, 3.93131, 27.58886],
			"rotation": {"angle": 0, "axis": "y", "origin": [3.162, 1.61131, 23.74886]},
			"faces": {
				"north": {"uv": [9.5, 8, 10.5, 9.5], "texture": "#2"},
				"east": {"uv": [6.5, 2, 8, 3.5], "texture": "#2"},
				"south": {"uv": [9, 9.5, 10, 11], "texture": "#2"},
				"west": {"uv": [6, 6.5, 7.5, 8], "texture": "#2"},
				"up": {"uv": [7, 11.5, 6, 10], "texture": "#2"},
				"down": {"uv": [11, 6, 10, 7.5], "texture": "#2"}
			}
		},
		{
			"from": [7.366, 1.40929, 18.95426],
			"to": [8.586, 3.72929, 23.59426],
			"rotation": {"angle": -22.5, "axis": "x", "origin": [3.106, 1.80929, 19.59426]},
			"faces": {
				"north": {"uv": [12, 3.5, 12.5, 4.5], "texture": "#2"},
				"east": {"uv": [6, 4.5, 8.5, 5.5], "texture": "#2"},
				"south": {"uv": [4, 12, 4.5, 13], "texture": "#2"},
				"west": {"uv": [6, 5.5, 8.5, 6.5], "texture": "#2"},
				"up": {"uv": [11, 12, 10.5, 9.5], "texture": "#2"},
				"down": {"uv": [3.5, 11, 3, 13.5], "texture": "#2"}
			}
		},
		{
			"from": [7.21433, 2.89903, -7.19343],
			"to": [8.78567, 3.91, 15.48257],
			"rotation": {"angle": 0, "axis": "y", "origin": [2.83, 2.88, 6.70257]},
			"faces": {
				"north": {"uv": [4.5, 12, 5.5, 12.5], "texture": "#2"},
				"east": {"uv": [2, 0, 13.5, 0.5], "texture": "#2"},
				"south": {"uv": [12, 4.5, 13, 5], "texture": "#2"},
				"west": {"uv": [2, 0.5, 13.5, 1], "texture": "#2"},
				"up": {"uv": [1, 11.5, 0, 0], "texture": "#2"},
				"down": {"uv": [2, 0, 1, 11.5], "texture": "#2"}
			}
		},
		{
			"from": [7.26433, 2.89903, -7.94343],
			"to": [8.73567, 3.91, -6.61743],
			"rotation": {"angle": 45, "axis": "x", "origin": [2.88, 2.88, -7.29743]},
			"faces": {
				"north": {"uv": [2, 12.5, 2.5, 13], "texture": "#2"},
				"east": {"uv": [2.5, 12.5, 3, 13], "texture": "#2"},
				"south": {"uv": [12.5, 3.5, 13, 4], "texture": "#2"},
				"west": {"uv": [12.5, 4, 13, 4.5], "texture": "#2"},
				"up": {"uv": [5, 13, 4.5, 12.5], "texture": "#2"},
				"down": {"uv": [5.5, 12.5, 5, 13], "texture": "#2"}
			}
		},
		{
			"from": [7.22023, 4.83426, -2.09343],
			"to": [8.29845, 6.23021, 3.48257],
			"rotation": {"angle": -22.5, "axis": "z", "origin": [2.03845, 5.08426, 3.80257]},
			"faces": {
				"north": {"uv": [12.5, 5, 13, 5.5], "texture": "#2"},
				"east": {"uv": [10, 2, 13, 2.5], "texture": "#2"},
				"south": {"uv": [12.5, 5.5, 13, 6], "texture": "#2"},
				"west": {"uv": [10, 2.5, 13, 3], "texture": "#2"},
				"up": {"uv": [10.5, 12.5, 10, 9.5], "texture": "#2"},
				"down": {"uv": [11, 3, 10.5, 6], "texture": "#2"}
			}
		},
		{
			"from": [7.70155, 4.83426, -2.09343],
			"to": [8.77977, 6.23021, 3.48257],
			"rotation": {"angle": 22.5, "axis": "z", "origin": [13.96155, 5.08426, 3.80257]},
			"faces": {
				"north": {"uv": [6, 12.5, 6.5, 13], "texture": "#2"},
				"east": {"uv": [10, 7.5, 13, 8], "texture": "#2"},
				"south": {"uv": [12.5, 6, 13, 6.5], "texture": "#2"},
				"west": {"uv": [10.5, 8, 13.5, 8.5], "texture": "#2"},
				"up": {"uv": [7.5, 13.5, 7, 10.5], "texture": "#2"},
				"down": {"uv": [8, 10.5, 7.5, 13.5], "texture": "#2"}
			}
		},
		{
			"from": [9.12471, 0.97961, -12.56293],
			"to": [10.40471, 2.25961, 8.49307],
			"rotation": {"angle": 45, "axis": "z", "origin": [5.28471, 0.97961, 5.71057]},
			"faces": {
				"north": {"uv": [6.5, 12.5, 7, 13], "texture": "#2"},
				"east": {"uv": [2, 1, 12.5, 1.5], "texture": "#2"},
				"south": {"uv": [12.5, 6.5, 13, 7], "texture": "#2"},
				"west": {"uv": [2, 1.5, 12.5, 2], "texture": "#2"},
				"up": {"uv": [2.5, 12.5, 2, 2], "texture": "#2"},
				"down": {"uv": [3, 2, 2.5, 12.5], "texture": "#2"}
			}
		},
		{
			"from": [9.25239, 0.56861, -5.275],
			"to": [10.6777, 1.99392, -4.225],
			"rotation": {"angle": 45, "axis": "z", "origin": [4.97646, 0.56861, -2.567]},
			"faces": {
				"north": {"uv": [5.5, 4.5, 6, 5], "texture": "#2"},
				"east": {"uv": [8, 3, 8.5, 3.5], "texture": "#2"},
				"south": {"uv": [7, 8, 7.5, 8.5], "texture": "#2"},
				"west": {"uv": [12, 5, 12.5, 5.5], "texture": "#2"},
				"up": {"uv": [12.5, 6, 12, 5.5], "texture": "#2"},
				"down": {"uv": [12.5, 6, 12, 6.5], "texture": "#2"}
			}
		},
		{
			"from": [9.25239, 0.56861, 4.675],
			"to": [10.6777, 1.99392, 5.725],
			"rotation": {"angle": 45, "axis": "z", "origin": [4.97646, 0.56861, 7.383]},
			"faces": {
				"north": {"uv": [5.5, 4.5, 6, 5], "texture": "#2"},
				"east": {"uv": [8, 3, 8.5, 3.5], "texture": "#2"},
				"south": {"uv": [7, 8, 7.5, 8.5], "texture": "#2"},
				"west": {"uv": [12, 5, 12.5, 5.5], "texture": "#2"},
				"up": {"uv": [12.5, 6, 12, 5.5], "texture": "#2"},
				"down": {"uv": [12.5, 6, 12, 6.5], "texture": "#2"}
			}
		}
	],
	"gui_light": "front",
	"display": {
		"thirdperson_righthand": {
			"translation": [0, 3.25, -1.75],
			"scale": [0.7, 0.7, 0.7]
		},
		"thirdperson_lefthand": {
			"translation": [0, 3.25, -1.75],
			"scale": [0.7, 0.7, 0.7]
		},
		"firstperson_righthand": {
			"rotation": [4.36, -2.93, 6.37],
			"translation": [8.25, 1, -19.25],
			"scale": [1.5, 1.5, 1.5]
		},
		"firstperson_lefthand": {
			"rotation": [4.36, -2.93, 6.37],
			"translation": [8.25, 1, -19.25],
			"scale": [1.5, 1.5, 1.5]
		},
		"ground": {
			"translation": [0, 8, 0]
		},
		"gui": {
			"rotation": [-155, -45, 180],
			"translation": [0, 1.75, 0],
			"scale": [0.5, 0.5, 0.5]
		},
		"fixed": {
			"rotation": [0, 90, 0],
			"translation": [0, 6, -0.75],
			"scale": [1.5, 1.5, 1.5]
		}
	},
	"groups": [
		{
			"name": "root",
			"origin": [8, 8, 7.82257],
			"color": 0,
			"children": [0, 1, 2, 3, 4, 5, 6, 7, 8, 9, 10, 11, 12, 13, 14, 15, 16, 17, 18, 19, 20, 21]
		}
	]
}