{
	"credit": "Made with Blockbench",
	"texture_size": [64, 64],
	"textures": {
		"1": "pillagers_gun:item/snipers_rifle"
	},
	"elements": [
		{
			"from": [7.125, 12.7, 14.2],
			"to": [8.875, 17.7, 16.2],
			"rotation": {"angle": -22.5, "axis": "x", "origin": [6.875, 14.7, 14.2]},
			"faces": {
				"north": {"uv": [4, 1.5, 4.5, 2.75], "texture": "#1"},
				"east": {"uv": [3.5, 4, 4, 5.25], "texture": "#1"},
				"south": {"uv": [4, 4, 4.5, 5.25], "texture": "#1"},
				"west": {"uv": [1.5, 4.5, 2, 5.75], "texture": "#1"},
				"up": {"uv": [6.5, 3.25, 6, 2.75], "texture": "#1"},
				"down": {"uv": [6.5, 3.25, 6, 3.75], "texture": "#1"}
			}
		},
		{
			"from": [7.125, 15.35, 12.1],
			"to": [8.875, 15.35, 14.2],
			"rotation": {"angle": 0, "axis": "y", "origin": [6.875, 15.35, 14.2]},
			"faces": {
				"north": {"uv": [0, 0, 0.5, 0], "texture": "#1"},
				"east": {"uv": [0, 0, 0.5, 0], "texture": "#1"},
				"south": {"uv": [0, 0, 0.5, 0], "texture": "#1"},
				"west": {"uv": [0, 0, 0.5, 0], "texture": "#1"},
				"up": {"uv": [6.75, 2.25, 6.25, 1.75], "texture": "#1"},
				"down": {"uv": [4.5, 6.25, 4, 6.75], "texture": "#1"}
			}
		},
		{
			"from": [7.0625, 15.55, 12.6],
			"to": [8.8125, 16.85, 12.6],
			"rotation": {"angle": 22.5, "axis": "x", "origin": [6.8125, 16.65, 12.6]},
			"faces": {
				"north": {"uv": [7.25, 2, 7.75, 2.25], "texture": "#1"},
				"east": {"uv": [0, 0, 0, 0.25], "texture": "#1"},
				"south": {"uv": [7.25, 2.25, 7.75, 2.5], "texture": "#1"},
				"west": {"uv": [0, 0, 0, 0.25], "texture": "#1"},
				"up": {"uv": [0.5, 0, 0, 0], "texture": "#1"},
				"down": {"uv": [0.5, 0, 0, 0], "texture": "#1"}
			}
		},
		{
			"from": [7.125, 15.31273, 10.49239],
			"to": [8.875, 15.31273, 12.09239],
			"rotation": {"angle": 22.5, "axis": "x", "origin": [6.875, 15.31273, 12.19239]},
			"faces": {
				"north": {"uv": [0, 0, 0.5, 0], "texture": "#1"},
				"east": {"uv": [0, 0, 0.5, 0], "texture": "#1"},
				"south": {"uv": [0, 0, 0.5, 0], "texture": "#1"},
				"west": {"uv": [0, 0, 0.5, 0], "texture": "#1"},
				"up": {"uv": [5.5, 6.75, 5, 6.25], "texture": "#1"},
				"down": {"uv": [2.25, 6.5, 1.75, 7], "texture": "#1"}
			}
		},
		{
			"from": [7.375, 14.4, 17.3],
			"to": [8.625, 18.7, 18.8],
			"rotation": {"angle": 45, "axis": "x", "origin": [6.625, 16.7, 16.8]},
			"faces": {
				"north": {"uv": [3.5, 6.25, 3.75, 7.25], "texture": "#1"},
				"east": {"uv": [4.5, 5, 5, 6], "texture": "#1"},
				"south": {"uv": [3.75, 6.25, 4, 7.25], "texture": "#1"},
				"west": {"uv": [5.25, 2, 5.75, 3], "texture": "#1"},
				"up": {"uv": [5.25, 2.5, 5, 2], "texture": "#1"},
				"down": {"uv": [7.25, 6, 7, 6.5], "texture": "#1"}
			}
		},
		{
			"from": [6.875, 16.8, -5],
			"to": [9.125, 18.9, 26],
			"rotation": {"angle": 0, "axis": "y", "origin": [7.125, 17.9, 12]},
			"faces": {
				"north": {"uv": [4.5, 6, 5, 6.5], "texture": "#1"},
				"east": {"uv": [0, 0, 7.75, 0.5], "texture": "#1"},
				"south": {"uv": [6, 5, 6.5, 5.5], "texture": "#1"},
				"west": {"uv": [0, 0.5, 7.75, 1], "texture": "#1"},
				"up": {"uv": [0.5, 8.75, 0, 1], "texture": "#1"},
				"down": {"uv": [1, 1, 0.5, 8.75], "texture": "#1"}
			}
		},
		{
			"from": [6.81875, 17.59, 17.6],
			"to": [9.18125, 19.245, 23.9],
			"rotation": {"angle": 0, "axis": "y", "origin": [7.08125, 18.195, 12.2]},
			"faces": {
				"north": {"uv": [2.25, 6.5, 2.75, 7], "texture": "#1"},
				"east": {"uv": [2.5, 3, 4, 3.5], "texture": "#1"},
				"south": {"uv": [6.5, 2.75, 7, 3.25], "texture": "#1"},
				"west": {"uv": [1.5, 3.5, 3, 4], "texture": "#1"},
				"up": {"uv": [4, 3, 3.5, 1.5], "texture": "#1"},
				"down": {"uv": [3.5, 3.5, 3, 5], "texture": "#1"}
			}
		},
		{
			"from": [6.875, 15.8, 7],
			"to": [9.125, 16.8, 11],
			"rotation": {"angle": 0, "axis": "y", "origin": [7.125, 15.8, 12]},
			"faces": {
				"north": {"uv": [6.5, 7, 7, 7.25], "texture": "#1"},
				"east": {"uv": [6, 3.75, 7, 4], "texture": "#1"},
				"south": {"uv": [7, 7, 7.5, 7.25], "texture": "#1"},
				"west": {"uv": [6.25, 1.5, 7.25, 1.75], "texture": "#1"},
				"up": {"uv": [4, 6.25, 3.5, 5.25], "texture": "#1"},
				"down": {"uv": [4.5, 5.25, 4, 6.25], "texture": "#1"}
			}
		},
		{
			"from": [9.20212, 15.58455, 5.282],
			"to": [10.58644, 16.96887, 12.49307],
			"rotation": {"angle": 45, "axis": "z", "origin": [5.04916, 15.58455, 15.65779]},
			"faces": {
				"north": {"uv": [2, 7.5, 2.25, 7.75], "texture": "#1"},
				"east": {"uv": [5.5, 4.5, 7.25, 4.75], "texture": "#1"},
				"south": {"uv": [2.25, 7.5, 2.5, 7.75], "texture": "#1"},
				"west": {"uv": [5.5, 4.75, 7.25, 5], "texture": "#1"},
				"up": {"uv": [5.75, 6.75, 5.5, 5], "texture": "#1"},
				"down": {"uv": [1.75, 5.75, 1.5, 7.5], "texture": "#1"}
			}
		},
		{
			"from": [7.02114, 18.11568, 5.282],
			"to": [8.97886, 19.5, 12.49307],
			"rotation": {"angle": 0, "axis": "y", "origin": [8.40546, 13.96272, 15.65779]},
			"faces": {
				"north": {"uv": [7.25, 6.25, 7.75, 6.5], "texture": "#1"},
				"east": {"uv": [5.5, 4, 7.25, 4.25], "texture": "#1"},
				"south": {"uv": [6.5, 7.25, 7, 7.5], "texture": "#1"},
				"west": {"uv": [5.5, 4.25, 7.25, 4.5], "texture": "#1"},
				"up": {"uv": [2, 3.25, 1.5, 1.5], "texture": "#1"},
				"down": {"uv": [2.5, 1.5, 2, 3.25], "texture": "#1"}
			}
		},
		{
			"from": [7.00864, 19.27104, 11.56261],
			"to": [8.99136, 20.23899, 12.53056],
			"rotation": {"angle": 22.5, "axis": "x", "origin": [8.39296, 18.03772, 12.55779]},
			"faces": {
				"north": {"uv": [7.25, 4.75, 7.75, 5], "texture": "#1"},
				"east": {"uv": [1.5, 7.5, 1.75, 7.75], "texture": "#1"},
				"south": {"uv": [5, 7.25, 5.5, 7.5], "texture": "#1"},
				"west": {"uv": [1.75, 7.5, 2, 7.75], "texture": "#1"},
				"up": {"uv": [6.5, 7.5, 6, 7.25], "texture": "#1"},
				"down": {"uv": [7.75, 6, 7.25, 6.25], "texture": "#1"}
			}
		},
		{
			"from": [6.99614, 18.22745, 12.73575],
			"to": [9.00386, 19.6078, 14.12378],
			"rotation": {"angle": -22.5, "axis": "x", "origin": [8.40546, 17.96272, 12.55779]},
			"faces": {
				"north": {"uv": [4, 7.25, 4.5, 7.5], "texture": "#1"},
				"east": {"uv": [7, 7.25, 7.25, 7.5], "texture": "#1"},
				"south": {"uv": [7.25, 4, 7.75, 4.25], "texture": "#1"},
				"west": {"uv": [7.25, 7.25, 7.5, 7.5], "texture": "#1"},
				"up": {"uv": [7.75, 4.5, 7.25, 4.25], "texture": "#1"},
				"down": {"uv": [7.75, 4.5, 7.25, 4.75], "texture": "#1"}
			}
		},
		{
			"from": [7.02114, 18.11568, -5.218],
			"to": [8.97886, 19.5, -1.15693],
			"rotation": {"angle": 0, "axis": "y", "origin": [8.40546, 13.96272, 5.15779]},
			"faces": {
				"north": {"uv": [7.25, 2.5, 7.75, 2.75], "texture": "#1"},
				"east": {"uv": [6.5, 5, 7.5, 5.25], "texture": "#1"},
				"south": {"uv": [3.5, 7.25, 4, 7.5], "texture": "#1"},
				"west": {"uv": [6.5, 5.25, 7.5, 5.5], "texture": "#1"},
				"up": {"uv": [5.5, 6.25, 5, 5.25], "texture": "#1"},
				"down": {"uv": [6, 3, 5.5, 4], "texture": "#1"}
			}
		},
		{
			"from": [9.23063, 15.58455, -5.218],
			"to": [10.61495, 16.96887, -1.15693],
			"rotation": {"angle": 45, "axis": "z", "origin": [5.07767, 15.58455, 5.15779]},
			"faces": {
				"north": {"uv": [5.75, 2.75, 6, 3], "texture": "#1"},
				"east": {"uv": [6.5, 3.25, 7.5, 3.5], "texture": "#1"},
				"south": {"uv": [5.5, 6.75, 5.75, 7], "texture": "#1"},
				"west": {"uv": [6.5, 3.5, 7.5, 3.75], "texture": "#1"},
				"up": {"uv": [4.75, 7.5, 4.5, 6.5], "texture": "#1"},
				"down": {"uv": [5, 6.5, 4.75, 7.5], "texture": "#1"}
			}
		},
		{
			"from": [9.12471, 15.47961, -14.56293],
			"to": [10.40471, 16.75961, 12.49307],
			"rotation": {"angle": 45, "axis": "z", "origin": [5.28471, 15.47961, 5.71057]},
			"faces": {
				"north": {"uv": [5, 2.5, 5.25, 2.75], "texture": "#1"},
				"east": {"uv": [1, 1, 7.75, 1.25], "texture": "#1"},
				"south": {"uv": [5.25, 3, 5.5, 3.25], "texture": "#1"},
				"west": {"uv": [1, 1.25, 7.75, 1.5], "texture": "#1"},
				"up": {"uv": [1.25, 8.25, 1, 1.5], "texture": "#1"},
				"down": {"uv": [1.5, 1.5, 1.25, 8.25], "texture": "#1"}
			}
		},
		{
			"from": [9.19445, 17.96077, 5.78624],
			"to": [10.55381, 19.32014, 11.67077],
			"rotation": {"angle": 45, "axis": "z", "origin": [5.11635, 17.96077, 9.98532]},
			"faces": {
				"north": {"uv": [2.5, 7.5, 2.75, 7.75], "texture": "#1"},
				"east": {"uv": [5.75, 2.25, 7.25, 2.5], "texture": "#1"},
				"south": {"uv": [7.5, 2.75, 7.75, 3], "texture": "#1"},
				"west": {"uv": [5.75, 2.5, 7.25, 2.75], "texture": "#1"},
				"up": {"uv": [3.25, 7.5, 3, 6], "texture": "#1"},
				"down": {"uv": [3.5, 6, 3.25, 7.5], "texture": "#1"}
			}
		},
		{
			"from": [9.54084, 16.84576, 11.67077],
			"to": [11.29442, 18.59935, 13.98181],
			"rotation": {"angle": 45, "axis": "z", "origin": [4.28009, 16.84576, 17.08759]},
			"faces": {
				"north": {"uv": [6.5, 5.5, 7, 6], "texture": "#1"},
				"east": {"uv": [5.75, 6.5, 6.25, 7], "texture": "#1"},
				"south": {"uv": [6.5, 6, 7, 6.5], "texture": "#1"},
				"west": {"uv": [6.25, 6.5, 6.75, 7], "texture": "#1"},
				"up": {"uv": [7.25, 2.25, 6.75, 1.75], "texture": "#1"},
				"down": {"uv": [4.5, 6.75, 4, 7.25], "texture": "#1"}
			}
		},
		{
			"from": [9.54084, 16.84576, 3.47519],
			"to": [11.29442, 18.59935, 5.78624],
			"rotation": {"angle": 45, "axis": "z", "origin": [4.28009, 16.84576, 8.89201]},
			"faces": {
				"north": {"uv": [5, 6.75, 5.5, 7.25], "texture": "#1"},
				"east": {"uv": [6.75, 6.5, 7.25, 7], "texture": "#1"},
				"south": {"uv": [1.75, 7, 2.25, 7.5], "texture": "#1"},
				"west": {"uv": [2.25, 7, 2.75, 7.5], "texture": "#1"},
				"up": {"uv": [7.5, 3.25, 7, 2.75], "texture": "#1"},
				"down": {"uv": [6, 7, 5.5, 7.5], "texture": "#1"}
			}
		},
		{
			"from": [7.25, 14.8, 7],
			"to": [8.75, 15.8, 10.75],
			"rotation": {"angle": 0, "axis": "y", "origin": [6.75, 14.8, 12]},
			"faces": {
				"north": {"uv": [7, 5.75, 7.5, 6], "texture": "#1"},
				"east": {"uv": [1.5, 3.25, 2.5, 3.5], "texture": "#1"},
				"south": {"uv": [6, 7, 6.5, 7.25], "texture": "#1"},
				"west": {"uv": [4, 3.25, 5, 3.5], "texture": "#1"},
				"up": {"uv": [5, 5, 4.5, 4], "texture": "#1"},
				"down": {"uv": [3.5, 5, 3, 6], "texture": "#1"}
			}
		},
		{
			"from": [6.8875, 15.41732, 4.22388],
			"to": [9.1125, 16.41732, 6.92388],
			"rotation": {"angle": 22.5, "axis": "x", "origin": [7.1125, 15.41732, 7.92388]},
			"faces": {
				"north": {"uv": [7.25, 1.5, 7.75, 1.75], "texture": "#1"},
				"east": {"uv": [7, 3.75, 7.75, 4], "texture": "#1"},
				"south": {"uv": [7.25, 1.75, 7.75, 2], "texture": "#1"},
				"west": {"uv": [7, 5.5, 7.75, 5.75], "texture": "#1"},
				"up": {"uv": [2.25, 6.5, 1.75, 5.75], "texture": "#1"},
				"down": {"uv": [2.75, 5.75, 2.25, 6.5], "texture": "#1"}
			}
		},
		{
			"from": [6.875, 13.5, 22],
			"to": [9.125, 16.8, 26],
			"rotation": {"angle": 0, "axis": "y", "origin": [7.125, 16, 12]},
			"faces": {
				"north": {"uv": [4.5, 2, 5, 2.75], "texture": "#1"},
				"east": {"uv": [2.5, 1.5, 3.5, 2.25], "texture": "#1"},
				"south": {"uv": [5.75, 1.5, 6.25, 2.25], "texture": "#1"},
				"west": {"uv": [2.5, 2.25, 3.5, 3], "texture": "#1"},
				"up": {"uv": [5.5, 4.25, 5, 3.25], "texture": "#1"},
				"down": {"uv": [5.5, 4.25, 5, 5.25], "texture": "#1"}
			}
		},
		{
			"from": [6.9, 16.7, 13.9],
			"to": [9.1, 18.6, 18.6],
			"rotation": {"angle": 22.5, "axis": "x", "origin": [7.1, 6.7, 16.1]},
			"faces": {
				"north": {"uv": [6, 5.5, 6.5, 6], "texture": "#1"},
				"east": {"uv": [4, 2.75, 5.25, 3.25], "texture": "#1"},
				"south": {"uv": [6, 6, 6.5, 6.5], "texture": "#1"},
				"west": {"uv": [4.5, 1.5, 5.75, 2], "texture": "#1"},
				"up": {"uv": [2.5, 5.75, 2, 4.5], "texture": "#1"},
				"down": {"uv": [3, 4.5, 2.5, 5.75], "texture": "#1"}
			}
		},
		{
			"from": [7.475, 19.5, 6],
			"to": [8.525, 21.375, 11.5],
			"rotation": {"angle": 0, "axis": "y", "origin": [6.525, 19.5, 6]},
			"faces": {
				"north": {"uv": [2.75, 7.25, 3, 7.75], "texture": "#1"},
				"east": {"uv": [3.5, 3.5, 5, 4], "texture": "#1"},
				"south": {"uv": [7.25, 6.5, 7.5, 7], "texture": "#1"},
				"west": {"uv": [1.5, 4, 3, 4.5], "texture": "#1"},
				"up": {"uv": [3, 7.25, 2.75, 5.75], "texture": "#1"},
				"down": {"uv": [6, 5, 5.75, 6.5], "texture": "#1"}
			}
		}
	],
	"display": {
		"thirdperson_righthand": {
			"translation": [0, -5.75, -2],
			"scale": [0.7, 0.7, 0.7]
		},
		"thirdperson_lefthand": {
			"translation": [0, -5.75, -2],
			"scale": [0.7, 0.7, 0.7]
		},
		"firstperson_righthand": {
			"rotation": [8.83, 8.04, 2.75],
			"translation": [0, -9.75, -11.25],
			"scale": [1, 1, 1.10156]
		},
		"firstperson_lefthand": {
			"rotation": [8.83, 8.04, 2.75],
			"translation": [0, -9.75, -11.25],
			"scale": [1, 1, 1.10156]
		},
		"gui": {
			"rotation": [-155, -45, 180],
			"translation": [-0.75, -5.5, 0],
			"scale": [0.53, 0.53, 0.53]
		},
		"fixed": {
			"rotation": [0, -90, 0],
			"translation": [0, -10, 0]
		}
	},
	"groups": [
		{
			"name": "group",
			"origin": [8, 8, 8],
			"color": 0,
			"children": [0, 1, 2, 3, 4, 5, 6, 7, 8, 9, 10, 11, 12, 13, 14, 15, 16, 17, 18, 19, 20, 21]
		},
		22
	]
}