{
  "parent": "minecraft:item/handheld",
  "overrides": [
    {
      "model": "witherstormmod:item/formidi_blade_powering_up",
      "predicate": {
        "witherstormmod:anim": 0.5
      }
    },
    {
      "model": "witherstormmod:item/formidi_blade_powered_up",
      "predicate": {
        "witherstormmod:anim": 1.0
      }
    },
    {
      "model": "witherstormmod:item/formidi_blade_powering_up",
      "predicate": {
        "witherstormmod:anim": 1.5
      }
    }
  ],
  "textures": {
    "layer0": "witherstormmod:item/formidi_blade"
  }
}