{
	"credit": "Made by Nazaru",
	"render_type": "minecraft:cutout",
	"parent": "block/block",
	"ambientocclusion": false,
	"texture_size": [10, 10],
	"textures": {
		"2": "witherstormmod:block/support_beacon_glass",
		"7": "witherstormmod:block/hardened_flesh_block",
		"particle": "witherstormmod:block/support_beacon_glass"
	},
	"elements": [
		{
			"name": "Glass shell",
			"from": [3, 4, 3],
			"to": [13, 14, 13],
			"rotation": {"angle": 0, "axis": "y", "origin": [8, 8, 8]},
			"faces": {
				"north": {"uv": [0, 0, 16, 16], "texture": "#2"},
				"east": {"uv": [0, 0, 16, 16], "texture": "#2"},
				"south": {"uv": [0, 0, 16, 16], "texture": "#2"},
				"west": {"uv": [0, 0, 16, 16], "texture": "#2"},
				"up": {"uv": [0, 0, 16, 16], "texture": "#2"},
				"down": {"uv": [0, 0, 16, 16], "texture": "#2"}
			}
		},
		{
			"name": "MBeaconBase",
			"from": [0, 0, 0],
			"to": [16, 3, 16],
			"rotation": {"angle": 0, "axis": "y", "origin": [8, 1.5, 8]},
			"faces": {
				"north": {"uv": [0, 0, 16, 3], "texture": "#7"},
				"east": {"uv": [0, 0, 16, 3], "texture": "#7"},
				"south": {"uv": [0, 0, 16, 3], "texture": "#7"},
				"west": {"uv": [0, 0, 16, 3], "texture": "#7"},
				"up": {"uv": [0, 0, 16, 16], "rotation": 180, "texture": "#7"},
				"down": {"uv": [0, 0, 16, 16], "texture": "#7"}
			}
		},
		{
			"name": "MBeaconBase",
			"from": [0, 0, 0],
			"to": [16, 1.5, 16],
			"rotation": {"angle": 45, "axis": "y", "origin": [8, 1.5, 8]},
			"faces": {
				"north": {"uv": [0, 0.5, 16, 2], "texture": "#7"},
				"east": {"uv": [0, 0.5, 16, 2], "texture": "#7"},
				"south": {"uv": [0, 0.5, 16, 2], "texture": "#7"},
				"west": {"uv": [0, 0.5, 16, 2], "texture": "#7"},
				"up": {"uv": [0, 0, 16, 16], "texture": "#7"},
				"down": {"uv": [0, 0, 16, 16], "texture": "#7"}
			}
		},
		{
			"name": "MBeaconBase",
			"from": [2, 3, 2],
			"to": [14, 4, 14],
			"rotation": {"angle": 0, "axis": "y", "origin": [8, 3.5, 8]},
			"faces": {
				"north": {"uv": [0, 0, 12, 0.5], "texture": "#7"},
				"east": {"uv": [0, 0, 12, 0.5], "texture": "#7"},
				"south": {"uv": [0, 0, 12, 0.5], "texture": "#7"},
				"west": {"uv": [0, 0, 12, 0.5], "texture": "#7"},
				"up": {"uv": [0, 0, 12, 12], "texture": "#7"},
				"down": {"uv": [0, 0, 12, 12], "texture": "#7"}
			}
		}
	],
	"groups": [
		{
			"name": "beaconshell",
			"origin": [8, 8, 8],
			"color": 0,
			"children": [3]
		},
		{
			"name": "beaconbase",
			"origin": [8, 8, 8],
			"color": 0,
			"children": [4, 5, 6]
		}
	]
}