{
	"credit": "Made by Nazaru",
	"render_type": "minecraft:cutout",
	"parent": "block/block",
	"ambientocclusion": false,
	"textures": {
		"3": "witherstormmod:block/super_beacon_glass",
		"4": "witherstormmod:item/amulet",
		"6": "witherstormmod:block/tainted_dust_block",
		"7": "witherstormmod:block/hardened_flesh_block",
		"particle": "witherstormmod:block/tainted_glass"
	},
	"elements": [
		{
			"name": "amulet_0",
			"from": [7.5, 1, 1.5],
			"to": [8.5, 2, 14.5],
			"rotation": {"angle": 0, "axis": "y", "origin": [8, 14.5, 8]},
			"faces": {
				"north": {"uv": [8.5, 1.5, 7.5, 2], "texture": "#4"},
				"east": {"uv": [8, 1.5, 8.5, 14.5], "rotation": 90, "texture": "#4"},
				"south": {"uv": [7.5, 14, 8.5, 14.5], "texture": "#4"},
				"west": {"uv": [7.5, 1.5, 8, 14.5], "rotation": 270, "texture": "#4"},
				"up": {"uv": [7.5, 1.5, 8.5, 14.5], "texture": "#4"},
				"down": {"uv": [7.5, 14.5, 8.5, 1.5], "texture": "#4"}
			}
		},
		{
			"name": "amulet_1",
			"from": [5.5, 1, 2.5],
			"to": [7.5, 2, 13.5],
			"rotation": {"angle": 0, "axis": "y", "origin": [8, 14.5, 8]},
			"faces": {
				"north": {"uv": [7.5, 2.5, 5.5, 3], "texture": "#4"},
				"east": {"uv": [7, 2.5, 7.5, 13.5], "rotation": 90, "texture": "#4"},
				"south": {"uv": [5.5, 13, 7.5, 13.5], "texture": "#4"},
				"west": {"uv": [5.5, 2.5, 6, 13.5], "rotation": 270, "texture": "#4"},
				"up": {"uv": [5.5, 2.5, 7.5, 13.5], "texture": "#4"},
				"down": {"uv": [5.5, 13.5, 7.5, 2.5], "texture": "#4"}
			}
		},
		{
			"name": "amulet_2",
			"from": [8.5, 1, 2.5],
			"to": [10.5, 2, 13.5],
			"rotation": {"angle": 0, "axis": "y", "origin": [8, 14.5, 8]},
			"faces": {
				"north": {"uv": [10.5, 2.5, 8.5, 3], "texture": "#4"},
				"east": {"uv": [10, 2.5, 10.5, 13.5], "rotation": 90, "texture": "#4"},
				"south": {"uv": [8.5, 13, 10.5, 13.5], "texture": "#4"},
				"west": {"uv": [8.5, 2.5, 9, 13.5], "rotation": 270, "texture": "#4"},
				"up": {"uv": [8.5, 2.5, 10.5, 13.5], "texture": "#4"},
				"down": {"uv": [8.5, 13.5, 10.5, 2.5], "texture": "#4"}
			}
		},
		{
			"name": "amulet_3",
			"from": [4.5, 1, 3.5],
			"to": [5.5, 2, 12.5],
			"rotation": {"angle": 0, "axis": "y", "origin": [8, 14.5, 8]},
			"faces": {
				"north": {"uv": [5.5, 3.5, 4.5, 4], "texture": "#4"},
				"east": {"uv": [5, 3.5, 5.5, 12.5], "rotation": 90, "texture": "#4"},
				"south": {"uv": [4.5, 12, 5.5, 12.5], "texture": "#4"},
				"west": {"uv": [4.5, 3.5, 5, 12.5], "rotation": 270, "texture": "#4"},
				"up": {"uv": [4.5, 3.5, 5.5, 12.5], "texture": "#4"},
				"down": {"uv": [4.5, 12.5, 5.5, 3.5], "texture": "#4"}
			}
		},
		{
			"name": "amulet_4",
			"from": [10.5, 1, 3.5],
			"to": [11.5, 2, 12.5],
			"rotation": {"angle": 0, "axis": "y", "origin": [8, 14.5, 8]},
			"faces": {
				"north": {"uv": [11.5, 3.5, 10.5, 4], "texture": "#4"},
				"east": {"uv": [11, 3.5, 11.5, 12.5], "rotation": 90, "texture": "#4"},
				"south": {"uv": [10.5, 12, 11.5, 12.5], "texture": "#4"},
				"west": {"uv": [10.5, 3.5, 11, 12.5], "rotation": 270, "texture": "#4"},
				"up": {"uv": [10.5, 3.5, 11.5, 12.5], "texture": "#4"},
				"down": {"uv": [10.5, 12.5, 11.5, 3.5], "texture": "#4"}
			}
		},
		{
			"name": "amulet_5",
			"from": [3.5, 1, 4.5],
			"to": [4.5, 2, 11.5],
			"rotation": {"angle": 0, "axis": "y", "origin": [8, 14.5, 8]},
			"faces": {
				"north": {"uv": [4.5, 4.5, 3.5, 5], "texture": "#4"},
				"east": {"uv": [4, 4.5, 4.5, 11.5], "rotation": 90, "texture": "#4"},
				"south": {"uv": [3.5, 11, 4.5, 11.5], "texture": "#4"},
				"west": {"uv": [3.5, 4.5, 4, 11.5], "rotation": 270, "texture": "#4"},
				"up": {"uv": [3.5, 4.5, 4.5, 11.5], "texture": "#4"},
				"down": {"uv": [3.5, 11.5, 4.5, 4.5], "texture": "#4"}
			}
		},
		{
			"name": "amulet_6",
			"from": [11.5, 1, 4.5],
			"to": [12.5, 2, 11.5],
			"rotation": {"angle": 0, "axis": "y", "origin": [8, 14.5, 8]},
			"faces": {
				"north": {"uv": [12.5, 4.5, 11.5, 5], "texture": "#4"},
				"east": {"uv": [12, 4.5, 12.5, 11.5], "rotation": 90, "texture": "#4"},
				"south": {"uv": [11.5, 11, 12.5, 11.5], "texture": "#4"},
				"west": {"uv": [11.5, 4.5, 12, 11.5], "rotation": 270, "texture": "#4"},
				"up": {"uv": [11.5, 4.5, 12.5, 11.5], "texture": "#4"},
				"down": {"uv": [11.5, 11.5, 12.5, 4.5], "texture": "#4"}
			}
		},
		{
			"name": "amulet_7",
			"from": [2.5, 1, 5.5],
			"to": [3.5, 2, 10.5],
			"rotation": {"angle": 0, "axis": "y", "origin": [8, 14.5, 8]},
			"faces": {
				"north": {"uv": [3.5, 5.5, 2.5, 6], "texture": "#4"},
				"east": {"uv": [3, 5.5, 3.5, 10.5], "rotation": 90, "texture": "#4"},
				"south": {"uv": [2.5, 10, 3.5, 10.5], "texture": "#4"},
				"west": {"uv": [2.5, 5.5, 3, 10.5], "rotation": 270, "texture": "#4"},
				"up": {"uv": [2.5, 5.5, 3.5, 10.5], "texture": "#4"},
				"down": {"uv": [2.5, 10.5, 3.5, 5.5], "texture": "#4"}
			}
		},
		{
			"name": "amulet_8",
			"from": [12.5, 1, 5.5],
			"to": [13.5, 2, 10.5],
			"rotation": {"angle": 0, "axis": "y", "origin": [8, 14.5, 8]},
			"faces": {
				"north": {"uv": [13.5, 5.5, 12.5, 6], "texture": "#4"},
				"east": {"uv": [13, 5.5, 13.5, 10.5], "rotation": 90, "texture": "#4"},
				"south": {"uv": [12.5, 10, 13.5, 10.5], "texture": "#4"},
				"west": {"uv": [12.5, 5.5, 13, 10.5], "rotation": 270, "texture": "#4"},
				"up": {"uv": [12.5, 5.5, 13.5, 10.5], "texture": "#4"},
				"down": {"uv": [12.5, 10.5, 13.5, 5.5], "texture": "#4"}
			}
		},
		{
			"name": "amulet_9",
			"from": [1.5, 1, 7.5],
			"to": [2.5, 2, 8.5],
			"rotation": {"angle": 0, "axis": "y", "origin": [8, 14.5, 8]},
			"faces": {
				"north": {"uv": [2.5, 7.5, 1.5, 8], "texture": "#4"},
				"east": {"uv": [2, 7.5, 2.5, 8.5], "rotation": 90, "texture": "#4"},
				"south": {"uv": [1.5, 8, 2.5, 8.5], "texture": "#4"},
				"west": {"uv": [1.5, 7.5, 2, 8.5], "rotation": 270, "texture": "#4"},
				"up": {"uv": [1.5, 7.5, 2.5, 8.5], "texture": "#4"},
				"down": {"uv": [1.5, 8.5, 2.5, 7.5], "texture": "#4"}
			}
		},
		{
			"name": "amulet_10",
			"from": [13.5, 1, 7.5],
			"to": [14.5, 2, 8.5],
			"rotation": {"angle": 0, "axis": "y", "origin": [8, 14.5, 8]},
			"faces": {
				"north": {"uv": [14.5, 7.5, 13.5, 8], "texture": "#4"},
				"east": {"uv": [14, 7.5, 14.5, 8.5], "rotation": 90, "texture": "#4"},
				"south": {"uv": [13.5, 8, 14.5, 8.5], "texture": "#4"},
				"west": {"uv": [13.5, 7.5, 14, 8.5], "rotation": 270, "texture": "#4"},
				"up": {"uv": [13.5, 7.5, 14.5, 8.5], "texture": "#4"},
				"down": {"uv": [13.5, 8.5, 14.5, 7.5], "texture": "#4"}
			}
		},
		{
			"name": "Obsidian base",
			"from": [2, 0.1, 2],
			"to": [14, 0.6, 14],
			"rotation": {"angle": 0, "axis": "y", "origin": [8, 1.55, 8]},
			"faces": {
				"north": {"uv": [2, 15.5, 14, 16], "texture": "#7"},
				"east": {"uv": [2, 15.5, 14, 16], "texture": "#7"},
				"south": {"uv": [2, 15.5, 14, 16], "texture": "#7"},
				"west": {"uv": [2, 15.5, 14, 16], "texture": "#7"},
				"up": {"uv": [2, 2, 14, 14], "rotation": 270, "texture": "#7"},
				"down": {"uv": [2, 2, 14, 14], "rotation": 90, "texture": "#7"}
			}
		},
		{
			"name": "Obsidian base",
			"from": [2, 0.1, 2],
			"to": [14, 1.1, 14],
			"rotation": {"angle": -22.5, "axis": "y", "origin": [8, 1.55, 8]},
			"faces": {
				"north": {"uv": [2, 15, 14, 16], "texture": "#7"},
				"east": {"uv": [2, 15, 14, 16], "texture": "#7"},
				"south": {"uv": [2, 15, 14, 16], "texture": "#7"},
				"west": {"uv": [2, 15, 14, 16], "texture": "#7"},
				"up": {"uv": [2, 2, 14, 14], "rotation": 270, "texture": "#7"},
				"down": {"uv": [2, 2, 14, 14], "rotation": 90, "texture": "#7"}
			}
		},
		{
			"name": "Obsidian base",
			"from": [2, 0.1, 2],
			"to": [14, 0.85, 14],
			"rotation": {"angle": 22.5, "axis": "y", "origin": [8, 1.55, 8]},
			"faces": {
				"north": {"uv": [2, 15.25, 14, 16], "texture": "#7"},
				"east": {"uv": [2, 15.25, 14, 16], "texture": "#7"},
				"south": {"uv": [2, 15.25, 14, 16], "texture": "#7"},
				"west": {"uv": [2, 15.25, 14, 16], "texture": "#7"},
				"up": {"uv": [2, 2, 14, 14], "rotation": 270, "texture": "#7"},
				"down": {"uv": [2, 2, 14, 14], "rotation": 90, "texture": "#7"}
			}
		},
		{
			"name": "Glass shell",
			"from": [0, 0, 0],
			"to": [16, 16, 16],
			"faces": {
				"north": {"uv": [0, 0, 16, 16], "texture": "#3"},
				"east": {"uv": [0, 0, 16, 16], "texture": "#3"},
				"south": {"uv": [0, 0, 16, 16], "texture": "#3"},
				"west": {"uv": [0, 0, 16, 16], "texture": "#3"},
				"up": {"uv": [0, 0, 16, 16], "texture": "#3"},
				"down": {"uv": [0, 0, 16, 16], "texture": "#3"}
			}
		}
	],
	"groups": [
		{
			"name": "amulet",
			"origin": [8, 8, 8],
			"color": 0,
			"children": [0, 1, 2, 3, 4, 5, 6, 7, 8, 9, 10]
		},
		{
			"name": "beaconbase",
			"origin": [8, 8, 8],
			"color": 0,
			"children": [14, 15, 16]
		},
		{
			"name": "beaconshell",
			"origin": [8, 8, 8],
			"color": 0,
			"children": [17]
		}
	]
}