{
    "ambientocclusion": false,
    "render_type": "minecraft:cutout",
    "textures": {
    	"cross": "witherstormmod:block/tainted_mushroom",
        "particle": "witherstormmod:block/tainted_mushroom"
    },
    "elements": [
        {   
        	"from": [ 0.8, 0, 8 ],
            "to": [ 15.2, 16, 8 ],
            "rotation": { "origin": [ 8, 8, 8 ], "axis": "y", "angle": 45, "rescale": true },
            "shade": false,
            "faces": {
                "north": { "uv": [ 0, 0, 16, 16 ], "texture": "#cross", "forge_data": {"block_light": 15} },
                "south": { "uv": [ 0, 0, 16, 16 ], "texture": "#cross", "forge_data": {"block_light": 15} }
            }
        },
        {   
        	"from": [ 8, 0, 0.8 ],
            "to": [ 8, 16, 15.2 ],
            "rotation": { "origin": [ 8, 8, 8 ], "axis": "y", "angle": 45, "rescale": true },
            "shade": false,
            "faces": {
                "west": { "uv": [ 0, 0, 16, 16 ], "texture": "#cross", "forge_data": {"block_light": 15} },
                "east": { "uv": [ 0, 0, 16, 16 ], "texture": "#cross", "forge_data": {"block_light": 15} }
            }
        }
    ]
}
