{
	"credit": "Made by Nazaru",
	"ambientocclusion": false,
	"render_type": "minecraft:cutout",
	"texture_size": [64, 32],
	"textures": {
		"1": "witherstormmod:block/flesh_zomb_e",
		"2": "witherstormmod:block/flesh_zomb",
		"particle": "witherstormmod:block/flesh_zomb"
	},
	"elements": [
		{
			"name": "head",
			"from": [4, 13, 7],
			"to": [12, 21, 15],
			"shade": false,
			"rotation": {"angle": -45, "axis": "x", "origin": [8, 16.18851, 11.38908]},
			"faces": {
				"north": {"uv": [2, 4, 4, 8], "texture": "#2"},
				"east": {"uv": [0, 4, 2, 8], "texture": "#2"},
				"south": {"uv": [6, 4, 8, 8], "texture": "#2"},
				"west": {"uv": [4, 4, 6, 8], "texture": "#2"},
				"up": {"uv": [2, 4, 4, 0], "texture": "#2"},
				"down": {"uv": [4, 0, 6, 4], "texture": "#2"}
			}
		},
		{
			"name": "glow",
			"from": [5, 16, 6.95],
			"to": [11, 17, 6.95],
			"shade": false,
			"rotation": {"angle": -45, "axis": "x", "origin": [8, 16.18851, 11.38908]},
			"faces": {
				"north": {"uv": [2.25, 6, 3.75, 6.5], "texture": "#1", "forge_data": {"block_light": 15}}
			}
		},
		{
			"name": "torso",
			"from": [4, 2, 12],
			"to": [12, 14, 16],
			"shade": false,
			"rotation": {"angle": 0, "axis": "x", "origin": [8, 8, 14]},
			"faces": {
				"north": {"uv": [5, 10, 7, 16], "texture": "#2"},
				"east": {"uv": [4, 10, 5, 16], "texture": "#2"},
				"south": {"uv": [8, 10, 10, 16], "texture": "#2"},
				"west": {"uv": [7, 10, 8, 16], "texture": "#2"},
				"up": {"uv": [5, 8, 7, 10], "texture": "#2"},
				"down": {"uv": [7, 8, 9, 10], "texture": "#2"}
			}
		},
		{
			"name": "larm",
			"from": [-1.3, 2.30426, 12.0469],
			"to": [2.7, 14.30426, 16.0469],
			"shade": false,
			"rotation": {"angle": -22.5, "axis": "z", "origin": [1.999, 8.40426, 12.2469]},
			"faces": {
				"north": {"uv": [11, 10, 12, 16], "texture": "#2"},
				"east": {"uv": [10, 10, 11, 16], "texture": "#2"},
				"south": {"uv": [13, 10, 14, 16], "texture": "#2"},
				"west": {"uv": [12, 10, 13, 16], "texture": "#2"},
				"up": {"uv": [11, 8, 12, 10], "texture": "#2"},
				"down": {"uv": [12, 8, 13, 10], "texture": "#2"}
			}
		},
		{
			"name": "rarm",
			"from": [12, 2, 10.5],
			"to": [16, 14, 14.5],
			"shade": false,
			"rotation": {"angle": 22.5, "axis": "x", "origin": [14.001, 8.40426, 12.2469]},
			"faces": {
				"north": {"uv": [11, 10, 12, 16], "texture": "#2"},
				"east": {"uv": [10, 10, 11, 16], "texture": "#2"},
				"south": {"uv": [13, 10, 14, 16], "texture": "#2"},
				"west": {"uv": [12, 10, 13, 16], "texture": "#2"},
				"up": {"uv": [11, 8, 12, 10], "texture": "#2"},
				"down": {"uv": [12, 8, 13, 10], "texture": "#2"}
			}
		},
		{
			"name": "rleg",
			"from": [8, -6.64124, 15.35876],
			"to": [12, 5.35876, 19.35876],
			"shade": false,
			"rotation": {"angle": -45, "axis": "x", "origin": [10, -0.64124, 17.35876]},
			"faces": {
				"north": {"uv": [1, 10, 2, 16], "texture": "#2"},
				"east": {"uv": [0, 10, 1, 16], "texture": "#2"},
				"south": {"uv": [3, 10, 4, 16], "texture": "#2"},
				"west": {"uv": [2, 10, 3, 16], "texture": "#2"},
				"up": {"uv": [1, 8, 2, 10], "texture": "#2"},
				"down": {"uv": [2, 8, 3, 10], "texture": "#2"}
			}
		},
		{
			"name": "lleg",
			"from": [4, -9.75, 14.25],
			"to": [8, 2.25, 18.25],
			"shade": false,
			"rotation": {"angle": -22.5, "axis": "x", "origin": [6, -4, 14]},
			"faces": {
				"north": {"uv": [1, 10, 2, 16], "texture": "#2"},
				"east": {"uv": [0, 10, 1, 16], "texture": "#2"},
				"south": {"uv": [3, 10, 4, 16], "texture": "#2"},
				"west": {"uv": [2, 10, 3, 16], "texture": "#2"},
				"up": {"uv": [1, 8, 2, 10], "texture": "#2"},
				"down": {"uv": [2, 8, 3, 10], "texture": "#2"}
			}
		}
	],
	"display": {
		"thirdperson_righthand": {
			"rotation": [45, 0, 0],
			"translation": [0, -4.15, -5.75],
			"scale": [0.5, 0.5, 0.5]
		},
		"thirdperson_lefthand": {
			"rotation": [45, 0, 0],
			"translation": [0, -4.15, -5.75],
			"scale": [0.5, 0.5, 0.5]
		},
		"firstperson_righthand": {
			"rotation": [0, 109, 0]
		},
		"firstperson_lefthand": {
			"rotation": [0, 109, 0]
		},
		"ground": {
			"translation": [0, 5, 0],
			"scale": [0.5, 0.5, 0.5]
		},
		"gui": {
			"rotation": [15, 145, 0],
			"translation": [-1.5, 0.25, 0],
			"scale": [0.5, 0.5, 0.5]
		},
		"head": {
			"rotation": [2, -180, 0],
			"translation": [0, -0.25, 14]
		},
		"fixed": {
			"translation": [0, 0, -10],
			"scale": [1.25, 1.25, 1.25]
		}
	},
	"groups": [
		{
			"name": "zombie",
			"origin": [8, 8, 8],
			"color": 0,
			"shade": false,
			"children": [0, 1, 2, 3, 4, 5, 6]
		}
	]
}