{
	"credit": "Made by Nazaru",
	"ambientocclusion": false,
	"render_type": "minecraft:cutout",
	"texture_size": [48, 32],
	"textures": {
		"0": "witherstormmod:block/flesh_skele",
		"particle": "witherstormmod:block/flesh_skele"
	},
	"elements": [
		{
			"from": [2, 0, 3],
			"to": [10, 4, 15],
			"rotation": {"angle": 22.5, "axis": "y", "origin": [4, 6, 2]},
			"faces": {
				"east": {"uv": [5.33333, 10, 6.66667, 16], "rotation": 90, "texture": "#0"},
				"south": {"uv": [9.33333, 8, 12, 10], "rotation": 180, "texture": "#0"},
				"west": {"uv": [9.33333, 10, 10.66667, 16], "rotation": 270, "texture": "#0"},
				"up": {"uv": [6.66667, 10, 9.33333, 16], "texture": "#0"},
				"down": {"uv": [10.66667, 10, 13.33333, 16], "rotation": 180, "texture": "#0"}
			}
		},
		{
			"from": [1, 1.75282, 2.83937],
			"to": [3, 3.75282, 14.83937],
			"rotation": {"angle": -22.5, "axis": "x", "origin": [2, 2.75282, 8.83937]},
			"faces": {
				"north": {"uv": [14.66666, 8, 15.33333, 9], "rotation": 180, "texture": "#0"},
				"east": {"uv": [15.33333, 9, 16, 15], "rotation": 270, "texture": "#0"},
				"south": {"uv": [14, 8, 14.66666, 9], "texture": "#0"},
				"west": {"uv": [14.66666, 9, 15.33333, 15], "rotation": 90, "texture": "#0"},
				"up": {"uv": [13.33333, 9, 14, 15], "rotation": 180, "texture": "#0"},
				"down": {"uv": [14, 9, 14.66666, 15], "texture": "#0"}
			}
		},
		{
			"from": [9, 0, -3],
			"to": [11, 2, 9],
			"rotation": {"angle": -45, "axis": "y", "origin": [1, 6, 1]},
			"faces": {
				"north": {"uv": [0.66667, 8.5, 1.33333, 9], "rotation": 180, "texture": "#0"},
				"east": {"uv": [2, 9, 2.66667, 15], "rotation": 270, "texture": "#0"},
				"south": {"uv": [0.66667, 8.5, 1.33333, 9], "texture": "#0"},
				"west": {"uv": [1.33333, 9, 2, 15], "rotation": 90, "texture": "#0"},
				"up": {"uv": [0, 9, 0.66667, 15], "rotation": 180, "texture": "#0"},
				"down": {"uv": [0.66667, 9, 1.33333, 15], "texture": "#0"}
			}
		},
		{
			"from": [12, 4, 1],
			"to": [14, 16, 3],
			"rotation": {"angle": -22.5, "axis": "z", "origin": [1, 6, 1]},
			"faces": {
				"north": {"uv": [13.33333, 9, 14, 15], "texture": "#0"},
				"east": {"uv": [15.33333, 9, 16, 15], "texture": "#0"},
				"south": {"uv": [14, 9, 14.66666, 15], "texture": "#0"},
				"west": {"uv": [14.66666, 9, 15.33333, 15], "texture": "#0"},
				"up": {"uv": [14, 8, 14.66666, 9], "texture": "#0"},
				"down": {"uv": [14.66666, 8, 15.33333, 9], "texture": "#0"}
			}
		},
		{
			"from": [10, -7, 4],
			"to": [12, 5, 6],
			"rotation": {"angle": -45, "axis": "x", "origin": [1, 6, 1]},
			"faces": {
				"north": {"uv": [0, 9, 0.66667, 15], "texture": "#0"},
				"east": {"uv": [2, 9, 2.66667, 15], "texture": "#0"},
				"south": {"uv": [0.66667, 9, 1.33333, 15], "texture": "#0"},
				"west": {"uv": [1.33333, 9, 2, 15], "texture": "#0"},
				"up": {"uv": [0.66667, 8, 1.33333, 9], "texture": "#0"},
				"down": {"uv": [0.66667, 8, 1.33333, 9], "texture": "#0"}
			}
		}
	],
	"display": {
		"thirdperson_righthand": {
			"rotation": [-30, 0, 0],
			"translation": [0, 2.25, -1.75],
			"scale": [0.5, 0.5, 0.5]
		},
		"thirdperson_lefthand": {
			"rotation": [-30, 0, 0],
			"translation": [0, 2.25, -1.75],
			"scale": [0.5, 0.5, 0.5]
		},
		"firstperson_righthand": {
			"translation": [8, 0, -5.25]
		},
		"firstperson_lefthand": {
			"translation": [8, 0, -5.25]
		},
		"ground": {
			"translation": [0, 0.25, 0],
			"scale": [0.5, 0.5, 0.5]
		},
		"gui": {
			"rotation": [15, 145, 0],
			"translation": [0, -0.5, 0],
			"scale": [0.5, 0.5, 0.5]
		},
		"head": {
			"translation": [0, 14.5, 0]
		},
		"fixed": {
			"rotation": [-90, 0, 0],
			"translation": [0, 0, -8]
		}
	},
	"groups": [
		{
			"name": "skele",
			"origin": [8, 8, 8],
			"color": 0,
			"children": [0, 1, 2, 3, 4]
		}
	]
}