{
	"credit": "Made by Nazaru",
	"ambientocclusion": false,
	"render_type": "minecraft:cutout",
	"texture_size": [48, 32],
	"textures": {
		"0": "witherstormmod:block/flesh_skele",
		"1": "witherstormmod:block/flesh_skull_e",
		"particle": "witherstormmod:block/flesh_skele"
	},
	"elements": [
		{
			"name": "head",
			"from": [6.75, 17, 10.5],
			"to": [14.75, 25, 18.5],
			"rotation": {"angle": 22.5, "axis": "z", "origin": [8, 28, 15]},
			"faces": {
				"north": {"uv": [5.33333, 4, 2.66667, 8], "rotation": 270, "texture": "#0"},
				"east": {"uv": [2.66667, 4, 5.33333, 0], "rotation": 90, "texture": "#0"},
				"south": {"uv": [10.66667, 8, 8, 4], "rotation": 270, "texture": "#0"},
				"west": {"uv": [5.33333, 4, 8, 0], "rotation": 270, "texture": "#0"},
				"up": {"uv": [5.33333, 4, 8, 8], "rotation": 90, "texture": "#0"},
				"down": {"uv": [0, 4, 2.66667, 8], "rotation": 90, "texture": "#0"}
			}
		},
		{
			"name": "glow",
			"from": [7.75, 18, 10.45],
			"to": [10.75, 24, 10.45],
			"shade": false,
			"rotation": {"angle": 22.5, "axis": "z", "origin": [8, 28, 15]},
			"faces": {
				"north": {"uv": [5, 6, 3, 7.5], "rotation": 270, "texture": "#1", "forge_data": {"block_light": 15}}
			}
		},
		{
			"name": "torso",
			"from": [4, 10, 13],
			"to": [12, 22, 17],
			"rotation": {"angle": -22.5, "axis": "z", "origin": [6, 15, 7]},
			"faces": {
				"north": {"uv": [9.33333, 10, 6.66667, 16], "texture": "#0"},
				"east": {"uv": [6.66667, 10, 5.33333, 16], "texture": "#0"},
				"south": {"uv": [13.33333, 10, 10.66667, 16], "texture": "#0"},
				"west": {"uv": [10.66667, 10, 9.33333, 16], "texture": "#0"},
				"down": {"uv": [9.33333, 10, 12, 8], "rotation": 180, "texture": "#0"}
			}
		},
		{
			"name": "rleg",
			"from": [3, -5, 16],
			"to": [5, 7, 18],
			"rotation": {"angle": -22.5, "axis": "x", "origin": [4, 3, 7]},
			"faces": {
				"north": {"uv": [0.66667, 9, 0, 15], "rotation": 180, "texture": "#0"},
				"east": {"uv": [2.66667, 9, 2, 15], "rotation": 180, "texture": "#0"},
				"south": {"uv": [1.33333, 9, 0.66667, 15], "rotation": 180, "texture": "#0"},
				"west": {"uv": [2, 9, 1.33333, 15], "rotation": 180, "texture": "#0"},
				"up": {"uv": [1.33333, 9, 2, 8], "texture": "#0"},
				"down": {"uv": [0.66667, 9, 1.33333, 8], "texture": "#0"}
			}
		},
		{
			"name": "lleg",
			"from": [9, -3, 14],
			"to": [11, 9, 16],
			"rotation": {"angle": 22.5, "axis": "z", "origin": [8, 3, 7]},
			"faces": {
				"north": {"uv": [0.66667, 9, 0, 15], "rotation": 180, "texture": "#0"},
				"east": {"uv": [2.66667, 9, 2, 15], "rotation": 180, "texture": "#0"},
				"south": {"uv": [1.33333, 9, 0.66667, 15], "rotation": 180, "texture": "#0"},
				"west": {"uv": [2, 9, 1.33333, 15], "rotation": 180, "texture": "#0"},
				"up": {"uv": [0.66667, 9, 1.33333, 8], "texture": "#0"},
				"down": {"uv": [1.33334, 9, 2, 8], "texture": "#0"}
			}
		},
		{
			"name": "rarm",
			"from": [2, 10, 14],
			"to": [4, 22, 16],
			"rotation": {"angle": -22.5, "axis": "z", "origin": [3, 16, 15]},
			"faces": {
				"north": {"uv": [14.66666, 9, 14, 15], "texture": "#0"},
				"east": {"uv": [16, 9, 15.33333, 15], "texture": "#0"},
				"south": {"uv": [14, 9, 13.33333, 15], "texture": "#0"},
				"west": {"uv": [15.33333, 9, 14.66666, 15], "texture": "#0"},
				"up": {"uv": [14, 9, 14.66666, 8], "texture": "#0"},
				"down": {"uv": [14.66666, 9, 15.33333, 8], "texture": "#0"}
			}
		},
		{
			"name": "lleg",
			"from": [13, 6, 14],
			"to": [15, 18, 16],
			"rotation": {"angle": 22.5, "axis": "y", "origin": [14, 12, 15]},
			"faces": {
				"north": {"uv": [14.66666, 9, 14, 15], "texture": "#0"},
				"east": {"uv": [16, 9, 15.33333, 15], "texture": "#0"},
				"south": {"uv": [14, 9, 13.33333, 15], "texture": "#0"},
				"west": {"uv": [15.33333, 9, 14.66666, 15], "texture": "#0"},
				"up": {"uv": [14, 9, 14.66666, 8], "texture": "#0"},
				"down": {"uv": [14, 9, 14.66666, 8], "texture": "#0"}
			}
		}
	],
	"display": {
		"thirdperson_righthand": {
			"translation": [0, -5.5, -4.5],
			"scale": [0.5, 0.5, 0.5]
		},
		"ground": {
			"translation": [0, 0.25, 0],
			"scale": [0.25, 0.25, 0.25]
		},
		"gui": {
			"rotation": [15, 145, 0],
			"translation": [-1, -3.75, 0],
			"scale": [0.5, 0.5, 0.5]
		},
		"fixed": {
			"translation": [0, -4, -9]
		}
	},
	"groups": [
		{
			"name": "skele",
			"origin": [8, 8, 8],
			"color": 0,
			"children": [0, 1, 2, 3, 4, 5, 6]
		}
	]
}