{
	"credit": "Made by Nazaru",
	"ambientocclusion": false,
	"render_type": "minecraft:cutout",
	"texture_size": [64, 32],
	"textures": {
		"1": "witherstormmod:block/flesh_zomb_e",
		"2": "witherstormmod:block/flesh_zomb",
		"particle": "witherstormmod:block/flesh_zomb"
	},
	"elements": [
		{
			"name": "head",
			"from": [4, -2.67545, 13.86104],
			"to": [12, 5.32455, 21.86104],
			"shade": false,
			"rotation": {"angle": 22.5, "axis": "x", "origin": [8, 3.32664, 17.6147]},
			"faces": {
				"north": {"uv": [4, 0, 6, 4], "rotation": 180, "texture": "#2"},
				"east": {"uv": [0, 4, 2, 8], "rotation": 270, "texture": "#2"},
				"south": {"uv": [2, 4, 4, 0], "texture": "#2"},
				"west": {"uv": [4, 4, 6, 8], "rotation": 90, "texture": "#2"},
				"up": {"uv": [2, 4, 4, 8], "rotation": 180, "texture": "#2"},
				"down": {"uv": [6, 4, 8, 8], "texture": "#2"}
			}
		},
		{
			"name": "glow",
			"from": [5, 5.32873, 16.86836],
			"to": [11, 5.32873, 17.86836],
			"shade": false,
			"rotation": {"angle": 22.5, "axis": "x", "origin": [8, 3.32664, 17.6147]},
			"faces": {
				"up": {"uv": [2.25, 6, 3.75, 6.5], "rotation": 180, "texture": "#1", "forge_data": {"block_light": 15}}
			}
		},
		{
			"name": "torso",
			"from": [4, 0.01, 2],
			"to": [12, 4.01, 14],
			"shade": false,
			"rotation": {"angle": 0, "axis": "x", "origin": [8, 2.01, 8]},
			"faces": {
				"north": {"uv": [7, 8, 9, 10], "rotation": 180, "texture": "#2"},
				"east": {"uv": [4, 10, 5, 16], "rotation": 270, "texture": "#2"},
				"south": {"uv": [5, 8, 7, 10], "texture": "#2"},
				"west": {"uv": [7, 10, 8, 16], "rotation": 90, "texture": "#2"},
				"up": {"uv": [5, 10, 7, 16], "rotation": 180, "texture": "#2"},
				"down": {"uv": [8, 10, 10, 16], "texture": "#2"}
			}
		},
		{
			"name": "larm",
			"from": [-2.12132, 0, 3.53553],
			"to": [1.87868, 4, 15.53553],
			"shade": false,
			"rotation": {"angle": 45, "axis": "y", "origin": [-0.12132, 2, 9.53553]},
			"faces": {
				"north": {"uv": [12, 8, 13, 10], "rotation": 180, "texture": "#2"},
				"east": {"uv": [10, 10, 11, 16], "rotation": 270, "texture": "#2"},
				"south": {"uv": [11, 8, 12, 10], "texture": "#2"},
				"west": {"uv": [12, 10, 13, 16], "rotation": 90, "texture": "#2"},
				"up": {"uv": [11, 10, 12, 16], "rotation": 180, "texture": "#2"},
				"down": {"uv": [13, 10, 14, 16], "texture": "#2"}
			}
		},
		{
			"name": "rarm",
			"from": [11.21998, 0, 9.16059],
			"to": [23.21998, 4, 13.16059],
			"shade": false,
			"rotation": {"angle": 22.5, "axis": "y", "origin": [17.21998, 2, 11.16059]},
			"faces": {
				"north": {"uv": [12, 10, 13, 16], "rotation": 90, "texture": "#2"},
				"east": {"uv": [12, 8, 13, 10], "rotation": 180, "texture": "#2"},
				"south": {"uv": [10, 10, 11, 16], "rotation": 270, "texture": "#2"},
				"west": {"uv": [11, 8, 12, 10], "texture": "#2"},
				"up": {"uv": [11, 10, 12, 16], "rotation": 270, "texture": "#2"},
				"down": {"uv": [13, 10, 14, 16], "rotation": 270, "texture": "#2"}
			}
		},
		{
			"name": "lleg",
			"from": [1.82226, 0, -8.96193],
			"to": [5.82226, 4, 3.03807],
			"shade": false,
			"rotation": {"angle": 22.5, "axis": "y", "origin": [3.82226, 2, -2.96193]},
			"faces": {
				"north": {"uv": [3, 8, 2, 10], "rotation": 180, "texture": "#2"},
				"east": {"uv": [2, 16, 3, 10], "rotation": 90, "texture": "#2"},
				"south": {"uv": [2, 8, 1, 10], "texture": "#2"},
				"west": {"uv": [0, 16, 1, 10], "rotation": 270, "texture": "#2"},
				"up": {"uv": [2, 10, 1, 16], "rotation": 180, "texture": "#2"},
				"down": {"uv": [4, 10, 3, 16], "texture": "#2", "cullface": "down"}
			}
		},
		{
			"name": "rleg",
			"from": [11.94454, 0, -7.12652],
			"to": [15.94454, 4, 4.87348],
			"shade": false,
			"rotation": {"angle": -45, "axis": "y", "origin": [13.94454, 2, -1.12652]},
			"faces": {
				"north": {"uv": [2, 8, 3, 10], "rotation": 180, "texture": "#2"},
				"east": {"uv": [0, 10, 1, 16], "rotation": 270, "texture": "#2"},
				"south": {"uv": [1, 8, 2, 10], "texture": "#2"},
				"west": {"uv": [2, 10, 3, 16], "rotation": 90, "texture": "#2"},
				"up": {"uv": [1, 10, 2, 16], "rotation": 180, "texture": "#2"},
				"down": {"uv": [3, 10, 4, 16], "texture": "#2", "cullface": "down"}
			}
		}
	],
	"display": {
		"thirdperson_righthand": {
			"rotation": [-22, 0, 0],
			"translation": [0, -0.6, -7.4],
			"scale": [0.5, 0.5, 0.5]
		},
		"thirdperson_lefthand": {
			"rotation": [-22, 0, 0],
			"translation": [0, -0.6, -7.4],
			"scale": [0.5, 0.5, 0.5]
		},
		"firstperson_righthand": {
			"rotation": [-102, 31, 133],
			"translation": [-3, -1.25, 0]
		},
		"firstperson_lefthand": {
			"rotation": [-102, 31, 133],
			"translation": [-3, -1.25, 0]
		},
		"ground": {
			"scale": [0.5, 0.5, 0.5]
		},
		"gui": {
			"rotation": [15, 145, 0],
			"translation": [1.25, 2, 0],
			"scale": [0.5, 0.5, 0.5]
		},
		"head": {
			"rotation": [-52, 0, 0],
			"translation": [0, -8.5, -10.75]
		},
		"fixed": {
			"rotation": [-130, 0, 0],
			"translation": [0, 0, -6.25],
			"scale": [1.25, 1.25, 1.25]
		}
	},
	"groups": [
		{
			"name": "zombie",
			"origin": [8, 3.33151, -0.60355],
			"color": 0,
			"children": [
				{
					"name": "headlayer",
					"origin": [8, 8, 8],
					"color": 0,
					"children": [0, 1]
				},
				2,
				3,
				4,
				5,
				6
			]
		}
	]
}