{
	"credit": "Made by Nazaru",
    "ambientocclusion": false,
	"render_type": "minecraft:cutout",
	"texture_size": [48, 32],
	"textures": {
		"0": "witherstormmod:block/flesh_skele",
		"1": "witherstormmod:block/flesh_skull_e",
		"particle": "witherstormmod:block/flesh_skele"
	},
	"elements": [
		{
			"from": [4, 10, 4],
			"to": [12, 18, 12],
			"rotation": {"angle": 22.5, "axis": "y", "origin": [8, 13, 8]},
			"faces": {
				"north": {"uv": [5.33333, 0, 8, 4], "texture": "#0"},
				"east": {"uv": [2.66666, 4, 0, 8], "rotation": 270, "texture": "#0"},
				"south": {"uv": [2.66667, 0, 5.33333, 4], "rotation": 180, "texture": "#0"},
				"west": {"uv": [8, 4, 5.33334, 8], "rotation": 90, "texture": "#0"},
				"up": {"uv": [8.00001, 4, 10.66667, 8], "rotation": 180, "texture": "#0"},
				"down": {"uv": [2.66667, 4, 5.33333, 8], "texture": "#0"}
			}
		},
		{
			"from": [5, 9.975, 5],
			"to": [11, 9.975, 8],
			"shade": false,
			"rotation": {"angle": 22.5, "axis": "y", "origin": [8, 13, 8]},
			"faces": {
				"down": {"uv": [3, 6, 5, 7.5], "texture": "#1", "forge_data": {"block_light": 15}}
			}
		}
	],
	"display": {
		"thirdperson_righthand": {
			"rotation": [-102.16, 52.25, -170.41],
			"translation": [0, -2.5, -4.75],
			"scale": [0.5, 0.5, 0.5]
		},
		"thirdperson_lefthand": {
			"rotation": [-102.16, 52.25, -170.41],
			"translation": [0, -2.5, -4.75],
			"scale": [0.5, 0.5, 0.5]
		},
		"firstperson_righthand": {
			"rotation": [-94, 32, -54],
			"translation": [1.5, 3.75, 0]
		},
		"firstperson_lefthand": {
			"rotation": [-94, 32, -54],
			"translation": [1.5, 3.75, 0]
		},
		"ground": {
			"translation": [0, -4.5, 0],
			"scale": [0.5, 0.5, 0.5]
		},
		"gui": {
			"rotation": [-84, 145, 0],
			"translation": [0, -0.5, 0],
			"scale": [0.75, 0.75, 0.75]
		},
		"head": {
			"rotation": [-90, 21, 180],
			"translation": [0, 0, -10.25],
			"scale": [1.75, 1.75, 1.75]
		},
		"fixed": {
			"rotation": [90, 180, 0],
			"translation": [0, 0, -8]
		}
	},
	"groups": [
		{
			"name": "skele",
			"origin": [8, 8, 8],
			"color": 0,
			"children": [0, 1]
		}
	]
}