{
    "ambientocclusion": false,
    "render_type": "minecraft:cutout",
    "textures": {
        "particle": "block/redstone_dust_dot",
        "overlay": "block/redstone_dust_overlay"
    },
    "elements": [
        {   "from": [ 0, 0.25, 0 ],
            "to": [ 16, 0.25, 8 ],
            "shade": false,
            "faces": {
                "up": { "uv": [ 0, 0, 16, 8 ], "texture": "#line", "tintindex": 0, "forge_data": {"block_light": 15} },
                "down": { "uv": [ 0, 8, 16, 0 ], "texture": "#line", "tintindex": 0, "forge_data": {"block_light": 15} }
            }
        },
        {   "from": [ 0, 0.25, 0 ],
            "to": [ 16, 0.25, 8 ],
            "shade": false,
            "faces": {
                "up": { "uv": [ 0, 0, 16, 8 ], "texture": "#overlay", "forge_data": {"block_light": 15} },
                "down": { "uv": [ 0, 8, 16, 0 ], "texture": "#overlay", "forge_data": {"block_light": 15} }
            }
        }
    ]
}
