{
	"credit": "Made with Blockbench",
	"ambientocclusion": false,
	"render_type": "minecraft:translucent",
	"textures": {
		"particle": "witherstormmod:block/tainted_flesh_veins",
		"tainted_flesh_veins": "witherstormmod:block/tainted_flesh_veins"
	},
	"elements": [
		{
			"from": [0, 0, 0],
			"to": [16, 16, 0.05],
			"faces": {
				"north": {"uv": [0, 0, 16, 16], "texture": "#tainted_flesh_veins"},
				"east": {"uv": [0, 0, 0.05, 16], "texture": "#tainted_flesh_veins"},
				"south": {"uv": [0, 0, 16, 16], "texture": "#tainted_flesh_veins"},
				"west": {"uv": [0, 0, 0.05, 16], "texture": "#tainted_flesh_veins"},
				"up": {"uv": [0, 0, 16, 0.05], "texture": "#tainted_flesh_veins"},
				"down": {"uv": [0, 0, 16, 0.05], "texture": "#tainted_flesh_veins"}
			}
		}
	]
}