{
	"credit": "Made by Nazaru",
	"ambientocclusion": false,
	"render_type": "minecraft:cutout",
	"texture_size": [64, 32],
	"textures": {
		"1": "witherstormmod:block/flesh_zomb_e",
		"2": "witherstormmod:block/flesh_zomb",
		"particle": "witherstormmod:block/flesh_zomb"
	},
	"elements": [
		{
			"name": "head",
			"from": [4, 9.17214, 2.98277],
			"to": [12, 17.17214, 10.98277],
			"shade": false,
			"rotation": {"angle": -45, "axis": "x", "origin": [8, 12.92214, 4.98277]},
			"faces": {
				"north": {"uv": [2, 4, 4, 8], "texture": "#2"},
				"east": {"uv": [0, 4, 2, 8], "texture": "#2"},
				"south": {"uv": [6, 4, 8, 8], "texture": "#2"},
				"west": {"uv": [4, 4, 6, 8], "texture": "#2"},
				"up": {"uv": [2, 4, 4, 0], "texture": "#2"},
				"down": {"uv": [4, 0, 6, 4], "texture": "#2"}
			}
		},
		{
			"name": "glow",
			"from": [5, 12.17214, 2.95],
			"to": [11, 13.17214, 2.95],
			"shade": false,
			"rotation": {"angle": -45, "axis": "x", "origin": [8, 12.92214, 4.98277]},
			"faces": {
				"north": {"uv": [2.25, 6, 3.75, 6.5], "texture": "#1", "forge_data": {"block_light": 15}}
			}
		},
		{
			"name": "torso",
			"from": [4, 0.92807, 9.61104],
			"to": [12, 12.92807, 13.61104],
			"shade": false,
			"rotation": {"angle": -22.5, "axis": "x", "origin": [8, 6.92807, 11.61104]},
			"faces": {
				"north": {"uv": [5, 10, 7, 16], "texture": "#2"},
				"east": {"uv": [4, 10, 5, 16], "texture": "#2"},
				"south": {"uv": [8, 10, 10, 16], "texture": "#2"},
				"west": {"uv": [7, 10, 8, 16], "texture": "#2"},
				"up": {"uv": [5, 8, 7, 10], "texture": "#2"},
				"down": {"uv": [7, 8, 9, 10], "texture": "#2"}
			}
		},
		{
			"name": "larm",
			"from": [0, 0.46088, 6.68297],
			"to": [4, 12.46088, 10.68297],
			"shade": false,
			"rotation": {"angle": 22.5, "axis": "x", "origin": [2, 6.46088, 8.68297]},
			"faces": {
				"north": {"uv": [11, 10, 12, 16], "texture": "#2"},
				"east": {"uv": [10, 10, 11, 16], "texture": "#2"},
				"south": {"uv": [13, 10, 14, 16], "texture": "#2"},
				"west": {"uv": [12, 10, 13, 16], "texture": "#2"},
				"up": {"uv": [11, 8, 12, 10], "texture": "#2"},
				"down": {"uv": [12, 8, 13, 10], "texture": "#2"}
			}
		},
		{
			"name": "rarm",
			"from": [12.75, 0.71088, 8.68297],
			"to": [16.75, 12.71088, 12.68297],
			"shade": false,
			"rotation": {"angle": -22.5, "axis": "y", "origin": [14, 6.46088, 8.68297]},
			"faces": {
				"north": {"uv": [11, 10, 12, 16], "texture": "#2"},
				"east": {"uv": [10, 10, 11, 16], "texture": "#2"},
				"south": {"uv": [13, 10, 14, 16], "texture": "#2"},
				"west": {"uv": [12, 10, 13, 16], "texture": "#2"},
				"up": {"uv": [11, 8, 12, 10], "texture": "#2"},
				"down": {"uv": [12, 8, 13, 10], "texture": "#2"}
			}
		},
		{
			"name": "lleg",
			"from": [0.49863, 0, 1.84565],
			"to": [4.49863, 4, 13.84565],
			"shade": false,
			"rotation": {"angle": 45, "axis": "y", "origin": [3.74863, 2, 7.84565]},
			"faces": {
				"north": {"uv": [3, 8, 2, 10], "rotation": 180, "texture": "#2"},
				"east": {"uv": [2, 16, 3, 10], "rotation": 90, "texture": "#2"},
				"south": {"uv": [2, 8, 1, 10], "texture": "#2"},
				"west": {"uv": [0, 16, 1, 10], "rotation": 270, "texture": "#2"},
				"up": {"uv": [2, 10, 1, 16], "rotation": 180, "texture": "#2"},
				"down": {"uv": [4, 10, 3, 16], "texture": "#2", "cullface": "down"}
			}
		},
		{
			"name": "rleg",
			"from": [10.25137, 0, 1.84565],
			"to": [14.25137, 4, 13.84565],
			"shade": false,
			"rotation": {"angle": -22.5, "axis": "y", "origin": [12.25137, 2, 7.84565]},
			"faces": {
				"north": {"uv": [2, 8, 3, 10], "rotation": 180, "texture": "#2"},
				"east": {"uv": [0, 10, 1, 16], "rotation": 270, "texture": "#2"},
				"south": {"uv": [1, 8, 2, 10], "texture": "#2"},
				"west": {"uv": [2, 10, 3, 16], "rotation": 90, "texture": "#2"},
				"up": {"uv": [1, 10, 2, 16], "rotation": 180, "texture": "#2"},
				"down": {"uv": [3, 10, 4, 16], "texture": "#2", "cullface": "down"}
			}
		}
	],
	"display": {
		"thirdperson_righthand": {
			"translation": [0, 4, 1],
			"scale": [0.5, 0.5, 0.5]
		},
		"thirdperson_lefthand": {
			"translation": [0, 4, 1],
			"scale": [0.5, 0.5, 0.5]
		},
		"firstperson_righthand": {
			"rotation": [0, 132, 0],
			"translation": [2, 2, -4]
		},
		"firstperson_lefthand": {
			"rotation": [0, 132, 0],
			"translation": [2, 2, -4]
		},
		"ground": {
			"translation": [0, 0, 3],
			"scale": [0.5, 0.5, 0.5]
		},
		"gui": {
			"rotation": [15, 145, 0],
			"translation": [0, -0.5, 0],
			"scale": [0.5, 0.5, 0.5]
		},
		"head": {
			"translation": [0, 14.25, 0]
		},
		"fixed": {
			"rotation": [-90, 0, 0],
			"translation": [0, 0, -8]
		}
	},
	"groups": [
		{
			"name": "zombie",
			"origin": [8, 3.33151, -0.60355],
			"color": 0,
			"children": [
				{
					"name": "headlayer",
					"origin": [8, 8, 8],
					"color": 0,
					"children": [0, 1]
				},
				2,
				3,
				4,
				5,
				6
			]
		}
	]
}